experiment,period,site,cell,distance_km,n,bias,rmse,r,wpd_rel_bias_pct
CTL,2021,P0,0,2.474862813949585,507,-1.2364630571076756,2.1776911285401823,0.4222681188668908,-36.90340545161761
CTL,2021,P0,1,2.662752628326416,507,-1.1698112712402216,2.0626956350661256,0.4864118558202609,-35.53927593502835
CTL,2021,P0,2,3.741992235183716,507,-1.3078121912142835,2.134385497769999,0.4892731574981938,-38.83526858747964
CTL,2021,P0,3,4.895742893218994,507,-1.123466994289077,2.108218685142878,0.4344117801817123,-34.193208239098354
CTL,2021,P0,4,6.321460723876953,507,-1.1714929287078248,2.023757829172576,0.5184190641154093,-35.653553486196714
EXP01,2021,P0,0,2.474862813949585,507,-0.945115845002803,2.024441356893279,0.4305714281868545,-30.015145642283127
EXP02,2021,P0,0,1.104857325553894,507,-0.8901230892784395,1.9241326617262458,0.4739441878281042,-29.441027201829556
EXP01_BADSST,2021,P0,0,2.474862813949585,507,-1.2842151431000108,2.2550577424503553,0.4599621855954036,-35.209517907035355
EXP01_BADSST,2021,P0,1,2.662752628326416,507,-1.2473023524479183,2.140602564409277,0.5083931191895451,-35.17136890248378
EXP01_BADSST,2021,P0,2,3.741992235183716,507,-1.4167955372053391,2.2354822715597154,0.5015347582079395,-39.40412151016508
EXP01_BADSST,2021,P0,3,4.895742893218994,507,-1.1675480370283733,2.20117627729257,0.46139219092057493,-32.264145833575085
EXP01_BADSST,2021,P0,4,6.321460723876953,507,-1.2981159812898224,2.164478683536899,0.4984072549452301,-36.88143185737118
EXP02_BADSST,2021,P0,0,1.104857325553894,507,-1.3350465179023088,2.2264426583680765,0.4832532526859872,-36.994803661543386
EXP02_BADSST,2021,P0,1,3.895033121109009,507,-1.1910281006229129,2.1395014527308085,0.48854963474240254,-33.69129976111801
EXP02_BADSST,2021,P0,2,4.497482776641846,507,-1.27445181340787,2.157934622364709,0.49088325762601076,-36.374053880014664
EXP02_BADSST,2021,P0,3,4.5747971534729,507,-1.247561804530385,2.284688950870239,0.4211396361899609,-34.39675047911078
EXP02_BADSST,2021,P0,4,5.612149715423584,507,-1.4089914312322365,2.230282968179228,0.4918760557417226,-39.555859732916986
CTL,2022,LPI,0,1.8338775634765625,740,-0.9632790967185708,2.3096205552538516,0.7110910080515025,-21.40696958010603
CTL,2022,LPI,1,3.4606235027313232,740,-0.44280656823515424,1.6865078382361003,0.8219995534345073,-11.562547258375204
CTL,2022,LPI,2,3.6000173091888428,740,-0.8604375999287934,2.3201943344510925,0.7006315723156975,-18.925816832508083
CTL,2022,LPI,3,5.214142799377441,740,-0.5913994817081288,1.720909041115423,0.823434229822347,-15.005171054273886
CTL,2022,LPI,4,5.419532299041748,740,-1.3804366987065644,3.0195796514912376,0.554435416836545,-28.025999693963925
EXP01,2022,LPI,0,1.8338775634765625,740,-0.5542910307412166,2.06619119210311,0.7369867182725294,-13.508397770374527
EXP02,2022,LPI,0,2.3369603157043457,740,-0.4910969085556383,2.01773326165022,0.7337610015230265,-13.720559960669195
EXP01_BADSST,2022,LPI,0,1.8338775634765625,740,-0.9988439678106712,2.56179387274826,0.6479678457493915,-21.083216808504826
EXP01_BADSST,2022,LPI,1,3.4606235027313232,740,-0.6481937159323968,1.9503554926796942,0.778801761037688,-14.759137748534844
EXP01_BADSST,2022,LPI,2,3.6000173091888428,740,-0.8384040158109038,2.408547289434069,0.6701094455411206,-18.481322765897364
EXP01_BADSST,2022,LPI,3,5.214142799377441,740,-0.7971911368104205,2.109664093401577,0.7520446770320393,-17.699576935884345
EXP01_BADSST,2022,LPI,4,5.419532299041748,740,-1.0611242863543888,2.95388041800973,0.5338890662340567,-21.743693260671186
EXP02_BADSST,2022,LPI,0,2.3369603157043457,740,-1.1225804872375842,2.474185436251034,0.663252330986329,-26.004635580601594
EXP02_BADSST,2022,LPI,1,2.447556972503662,740,-0.9598985558192425,2.281906216668752,0.7123374867299849,-21.912155792932246
EXP02_BADSST,2022,LPI,2,3.952317476272583,740,-0.9210742063385362,2.1308164059896,0.7517288395572673,-21.239469950618318
EXP02_BADSST,2022,LPI,3,4.757392883300781,740,-0.9014731138710993,2.6876617992138647,0.5571282588820501,-21.797643061656405
EXP02_BADSST,2022,LPI,4,6.148333549499512,740,-0.6602880782944078,1.8242794135249953,0.8087016102100608,-15.447014764654474
