source,period,site,height_m,n,rmse,bias,r,wpd_rel_bias_pct,rmse_reduction_vs_era5,skill_vs_era5,skill_lo,skill_hi,significant
ERA5,2021,P0,100,507,2.4918691597701,-1.8961199430807067,0.5314373302494937,-51.35326328033429,0.0,0.0,,,False
CTL,2021,P0,100,507,2.1776911285401823,-1.2364630571076756,0.4222681188668908,-36.90340545161761,0.12608127116068324,0.23626605538387285,0.11240182019934916,0.38567056454759113,True
EXP01,2021,P0,100,507,2.024441356893279,-0.945115845002803,0.4305714281868545,-30.015145642283127,0.1875811982519765,0.3399756905663056,0.21620387818127856,0.49668433194058675,True
EXP01_BADSST,2021,P0,100,507,2.2550577424503553,-1.2842151431000108,0.4599621855954036,-35.209517907035355,0.0950336482921893,0.18103590227665506,0.06356279433227793,0.33497283313216814,True
EXP02,2021,P0,100,507,1.9241326617262458,-0.8901230892784395,0.4739441878281042,-29.441027201829556,0.22783559715319635,0.4037621349762393,0.2582684515243621,0.6111021585163064,True
EXP02_BADSST,2021,P0,100,507,2.2264426583680765,-1.3350465179023088,0.4832532526859872,-36.994803661543386,0.1065170297410446,0.2016881818572346,0.0510339225922854,0.41296697714697334,True
ERA5,2022,LPI,100,740,2.4654514752038157,-1.9033311048057593,0.8451983434808219,-44.410851211619324,0.0,0.0,,,False
CTL,2022,LPI,100,740,2.3096205552538516,-0.9632790967185708,0.7110910080515025,-21.40696958010603,0.06320583532761759,0.12241669303577324,-0.018447205338696218,0.2740792557986003,False
EXP01,2022,LPI,100,740,2.06619119210311,-0.5542910307412166,0.7369867182725294,-13.508397770374527,0.1619420569077309,0.297658884019955,0.15770488887976217,0.4410094600675355,True
EXP01_BADSST,2022,LPI,100,740,2.56179387274826,-0.9988439678106712,0.6479678457493915,-21.083216808504826,-0.03907697982029035,-0.0796809699924561,-0.2340929674128166,0.08755703130823873,False
EXP02,2022,LPI,100,740,2.01773326165022,-0.4910969085556383,0.7337610015230265,-13.720559960669195,0.1815968466856901,0.33021627864519404,0.21352143124677264,0.4660180606904527,True
EXP02_BADSST,2022,LPI,100,740,2.474185436251034,-1.1225804872375842,0.663252330986329,-26.004635580601594,-0.003542540234541036,-0.007097630060395451,-0.14416400605586008,0.1389019516997288,False
