site,year,month,mean_speed_100,wpd_100,p90_speed_100,n_hours,source
P0,1990,1,7.623055118121992,276.2007436024005,9.380858516550616,744,ERA5 archive 1990-2020
LPI,1990,1,8.632938226191637,407.0788668112401,10.811899700358135,744,ERA5 archive 1990-2020
P0,1990,2,5.068708889983418,114.02348720994266,7.9766886195772635,672,ERA5 archive 1990-2020
LPI,1990,2,6.205298750821682,194.3560143998982,9.300755775534306,672,ERA5 archive 1990-2020
P0,1990,3,6.507506788037614,179.52146080541488,8.117787242755531,744,ERA5 archive 1990-2020
LPI,1990,3,7.571214342446413,284.82771212216375,9.74500512757469,744,ERA5 archive 1990-2020
P0,1990,4,5.791336314164716,128.94981474847302,7.455373385165265,720,ERA5 archive 1990-2020
LPI,1990,4,7.285303407944409,254.80438544380777,9.36269964137186,720,ERA5 archive 1990-2020
P0,1990,5,6.5022818761224475,172.86632896981172,7.8784361370994915,744,ERA5 archive 1990-2020
LPI,1990,5,7.344509290152251,264.40264487628957,9.634474051766878,744,ERA5 archive 1990-2020
P0,1990,6,7.339774021362751,247.41288236898342,8.913030558445655,720,ERA5 archive 1990-2020
LPI,1990,6,8.43911750492732,376.6373845148006,10.308071908991941,720,ERA5 archive 1990-2020
P0,1990,7,6.869952325750261,217.0207036524365,8.805065068892524,744,ERA5 archive 1990-2020
LPI,1990,7,8.072091774546534,336.08517943560355,10.181430454364317,744,ERA5 archive 1990-2020
P0,1990,8,8.557989113033402,392.9625875328227,10.432032275162213,744,ERA5 archive 1990-2020
LPI,1990,8,9.208225553483649,495.1344148370608,11.616792709189278,744,ERA5 archive 1990-2020
P0,1990,9,8.981277503785533,443.1787830518387,10.615250907680284,720,ERA5 archive 1990-2020
LPI,1990,9,9.466986683514884,541.0594247589881,11.905892022077156,720,ERA5 archive 1990-2020
P0,1990,10,9.727154331143376,568.9000958821246,11.755982318393233,744,ERA5 archive 1990-2020
LPI,1990,10,10.010415485941431,627.4208973719838,12.250342596322369,744,ERA5 archive 1990-2020
P0,1990,11,8.72243755633675,412.61256681639645,10.547927956287683,720,ERA5 archive 1990-2020
LPI,1990,11,9.321589790382406,503.7282021215815,11.381490133342702,720,ERA5 archive 1990-2020
P0,1990,12,7.694214018726977,285.1302646884613,9.330327214768184,744,ERA5 archive 1990-2020
LPI,1990,12,8.792226368369207,430.53476132195823,11.08430639427937,744,ERA5 archive 1990-2020
P0,1991,1,6.140227062342138,160.06246066533356,8.141417780162188,744,ERA5 archive 1990-2020
LPI,1991,1,7.383262950393254,271.57700043306244,9.809794029306898,744,ERA5 archive 1990-2020
P0,1991,2,6.313696713567491,178.8150806985471,8.478919057319606,672,ERA5 archive 1990-2020
LPI,1991,2,6.732502986962927,213.88302682841643,9.113456517970807,672,ERA5 archive 1990-2020
P0,1991,3,5.759906596126879,142.54830754918132,7.924178734461603,744,ERA5 archive 1990-2020
LPI,1991,3,6.2589611433881736,192.08111662228205,8.820611845915952,744,ERA5 archive 1990-2020
P0,1991,4,5.490431087538899,109.74880825415396,7.089922392790039,720,ERA5 archive 1990-2020
LPI,1991,4,6.0720874230901245,145.9263448538345,7.685930615317564,720,ERA5 archive 1990-2020
P0,1991,5,4.788222820366197,80.63983722389302,6.728636676995308,744,ERA5 archive 1990-2020
LPI,1991,5,6.0481084927997175,148.0984896571304,7.854132502324935,744,ERA5 archive 1990-2020
P0,1991,6,6.302178543634654,168.9946564179683,8.106043329232731,720,ERA5 archive 1990-2020
LPI,1991,6,7.83343767629734,306.3911498174112,9.767170734101198,720,ERA5 archive 1990-2020
P0,1991,7,6.643970707457535,195.3824543109556,8.671093708959647,744,ERA5 archive 1990-2020
LPI,1991,7,8.66801088803964,420.1096973728456,10.933238334307784,744,ERA5 archive 1990-2020
P0,1991,8,7.678133072141458,297.8549058390569,9.909830784422832,744,ERA5 archive 1990-2020
LPI,1991,8,9.295984313937678,513.3289720252575,11.786701467629625,744,ERA5 archive 1990-2020
P0,1991,9,9.35856211617797,503.66061459474014,11.141344983421869,720,ERA5 archive 1990-2020
LPI,1991,9,9.684432764176705,569.3755035323555,11.967585300765409,720,ERA5 archive 1990-2020
P0,1991,10,9.48554696330318,518.3174819291295,11.216062529860734,744,ERA5 archive 1990-2020
LPI,1991,10,9.562874219261793,554.6172466503903,11.879461252180212,744,ERA5 archive 1990-2020
P0,1991,11,9.124756322394015,463.00823986319244,10.884332507215154,720,ERA5 archive 1990-2020
LPI,1991,11,8.901845505927154,435.59365304922716,10.792355537828948,720,ERA5 archive 1990-2020
P0,1991,12,8.833828466244757,428.8498835196546,10.827213967457364,744,ERA5 archive 1990-2020
LPI,1991,12,8.566261086699104,390.5660718295654,10.361361850881908,744,ERA5 archive 1990-2020
P0,1992,1,7.040347931284538,275.4591755722998,9.921718597144539,744,ERA5 archive 1990-2020
LPI,1992,1,7.1697368822711915,257.15774676019555,9.505425724588978,744,ERA5 archive 1990-2020
P0,1992,2,6.782539501404574,205.63645481481655,8.436234884527732,696,ERA5 archive 1990-2020
LPI,1992,2,7.067531488276794,220.24058353338245,8.56422010915213,696,ERA5 archive 1990-2020
P0,1992,3,6.357945037081358,177.89062615719467,8.400470369188447,744,ERA5 archive 1990-2020
LPI,1992,3,7.044061200502285,230.44620931944266,8.92961903563553,744,ERA5 archive 1990-2020
P0,1992,4,6.867560286592601,215.70992781943946,8.537572380369513,720,ERA5 archive 1990-2020
LPI,1992,4,7.456516555261884,274.4145301225689,9.584236007798163,720,ERA5 archive 1990-2020
P0,1992,5,7.942062162726234,302.92729681002294,9.20738131074798,744,ERA5 archive 1990-2020
LPI,1992,5,8.471934539318886,376.9045643696279,10.201962113608793,744,ERA5 archive 1990-2020
P0,1992,6,8.24211488866876,344.57176611078927,9.803454960682773,720,ERA5 archive 1990-2020
LPI,1992,6,8.434990618221196,367.19566914285815,10.10876967306171,720,ERA5 archive 1990-2020
P0,1992,7,7.699525168043232,288.5654091004726,9.461646840287905,744,ERA5 archive 1990-2020
LPI,1992,7,8.840504263897337,435.48210723724304,11.080411581193655,744,ERA5 archive 1990-2020
P0,1992,8,8.997092565993093,459.88568787504306,11.156106159486445,744,ERA5 archive 1990-2020
LPI,1992,8,9.303407890206914,511.28955182543586,11.683239018317543,744,ERA5 archive 1990-2020
P0,1992,9,10.022037034123365,613.414845574946,11.948468819540986,720,ERA5 archive 1990-2020
LPI,1992,9,10.051531481851633,634.6500937765214,12.36964933863661,720,ERA5 archive 1990-2020
P0,1992,10,9.847289212478337,574.2374351055851,11.57426552508086,744,ERA5 archive 1990-2020
LPI,1992,10,10.01601591586912,631.495321820284,12.372816481914922,744,ERA5 archive 1990-2020
P0,1992,11,9.333243448744971,497.2493482536832,11.118408437783105,720,ERA5 archive 1990-2020
LPI,1992,11,9.437279187498175,518.2179347491649,11.382252277325414,720,ERA5 archive 1990-2020
P0,1992,12,8.783917757121845,417.01763559233643,10.638172114873969,744,ERA5 archive 1990-2020
LPI,1992,12,9.056430154579356,471.26293820617235,11.3935704441958,744,ERA5 archive 1990-2020
P0,1993,1,7.404303874189226,269.5018901779407,9.549554059275584,744,ERA5 archive 1990-2020
LPI,1993,1,8.358015057986815,397.20959482841795,11.132704195504335,744,ERA5 archive 1990-2020
P0,1993,2,6.424251637413094,212.34784366863812,9.269461176692898,672,ERA5 archive 1990-2020
LPI,1993,2,8.353334093422951,377.82736591379347,10.629649532752085,672,ERA5 archive 1990-2020
P0,1993,3,6.030911195335226,147.73073139274908,7.844258179487799,744,ERA5 archive 1990-2020
LPI,1993,3,7.854972269681915,325.0004172815923,10.217304515305708,744,ERA5 archive 1990-2020
P0,1993,4,6.589838914826477,187.13841099503992,8.381591926650811,720,ERA5 archive 1990-2020
LPI,1993,4,7.917965541113153,319.31014087515234,9.93666075112909,720,ERA5 archive 1990-2020
P0,1993,5,6.678770818011396,208.29315808160754,9.042538184716378,744,ERA5 archive 1990-2020
LPI,1993,5,8.098528779043578,350.9600563971296,10.603383783421284,744,ERA5 archive 1990-2020
P0,1993,6,7.457101644546252,264.2835717690179,9.384733317192294,720,ERA5 archive 1990-2020
LPI,1993,6,8.504790254103401,390.91968699390304,10.58603248480941,720,ERA5 archive 1990-2020
P0,1993,7,7.893916178503134,314.7419808877926,9.917280195834948,744,ERA5 archive 1990-2020
LPI,1993,7,8.778283811626334,433.1102131806339,11.144478558046211,744,ERA5 archive 1990-2020
P0,1993,8,8.721648793265404,407.67979645902864,10.47502464426173,744,ERA5 archive 1990-2020
LPI,1993,8,9.040791231159899,475.6332847180205,11.372722244662247,744,ERA5 archive 1990-2020
P0,1993,9,9.016155440951575,470.2365072667867,11.283723625135035,720,ERA5 archive 1990-2020
LPI,1993,9,9.195213693855575,502.65439280231914,11.745025004421656,720,ERA5 archive 1990-2020
P0,1993,10,9.073628290239439,454.2691769465577,10.618150656105394,744,ERA5 archive 1990-2020
LPI,1993,10,9.35419538962929,531.1597213429137,11.897557777608455,744,ERA5 archive 1990-2020
P0,1993,11,8.382158681508447,362.303962179638,9.972784321232025,720,ERA5 archive 1990-2020
LPI,1993,11,9.293562770498744,507.32399404890634,11.624395860666297,720,ERA5 archive 1990-2020
P0,1993,12,8.20622817311794,363.1100153300934,10.297413004954567,744,ERA5 archive 1990-2020
LPI,1993,12,8.970301806977767,455.00134494359,11.01868218885022,744,ERA5 archive 1990-2020
P0,1994,1,5.138353292798924,96.4410116285509,6.897493951510603,744,ERA5 archive 1990-2020
LPI,1994,1,6.705703111979993,206.8469119695177,9.013760183749614,744,ERA5 archive 1990-2020
P0,1994,2,5.445086197578828,117.82525437883203,7.4491561679569465,672,ERA5 archive 1990-2020
LPI,1994,2,6.667347087456465,203.58794492033033,8.867945100511545,672,ERA5 archive 1990-2020
P0,1994,3,5.102017864928676,93.22374970686108,6.79861050003731,744,ERA5 archive 1990-2020
LPI,1994,3,5.497219333599592,114.77772753373256,7.234289899961285,744,ERA5 archive 1990-2020
P0,1994,4,4.573765840115443,76.00839409438034,6.812671246723772,720,ERA5 archive 1990-2020
LPI,1994,4,5.730873240367535,133.00768281931917,7.751633072237567,720,ERA5 archive 1990-2020
P0,1994,5,5.845388926537004,138.92282959893214,7.862072144210176,744,ERA5 archive 1990-2020
LPI,1994,5,6.6080349594381484,182.92480671044615,8.181544487332717,744,ERA5 archive 1990-2020
P0,1994,6,6.381266197286541,160.70414305012028,7.68549363434906,720,ERA5 archive 1990-2020
LPI,1994,6,6.399143605435471,162.1553521071337,7.747388766814927,720,ERA5 archive 1990-2020
P0,1994,7,6.803199718263391,202.29857664516229,8.608568627585417,744,ERA5 archive 1990-2020
LPI,1994,7,7.760697956403232,295.78426651612864,9.571117981876514,744,ERA5 archive 1990-2020
P0,1994,8,7.951852775962022,314.6807107365403,9.66334747132976,744,ERA5 archive 1990-2020
LPI,1994,8,8.35490650332831,384.84558146857523,10.752058636329286,744,ERA5 archive 1990-2020
P0,1994,9,9.404792718960504,509.09414661863593,11.084128423639656,720,ERA5 archive 1990-2020
LPI,1994,9,9.58788418408617,557.3508825035614,11.996804221486126,720,ERA5 archive 1990-2020
P0,1994,10,9.59103302074427,549.5459325178816,11.805609531154438,744,ERA5 archive 1990-2020
LPI,1994,10,10.013315121707848,639.648153782862,12.584479846993492,744,ERA5 archive 1990-2020
P0,1994,11,9.178086637437357,466.1576656036234,10.726841661932307,720,ERA5 archive 1990-2020
LPI,1994,11,9.71711479599849,572.3863788266805,11.968222055273095,720,ERA5 archive 1990-2020
P0,1994,12,8.31296557737306,386.9059654359673,10.920521911878254,744,ERA5 archive 1990-2020
LPI,1994,12,8.588920473905665,420.3902030828205,11.457152962369111,744,ERA5 archive 1990-2020
P0,1995,1,5.980297353323294,145.86614074255357,7.699294129609499,744,ERA5 archive 1990-2020
LPI,1995,1,7.367586662715131,269.1815669080009,9.605734184126742,744,ERA5 archive 1990-2020
P0,1995,2,4.363780434499702,66.34743049699293,6.384423626259639,672,ERA5 archive 1990-2020
LPI,1995,2,5.034646131964089,100.59190008622915,7.4154329193176665,672,ERA5 archive 1990-2020
P0,1995,3,5.124640375877403,99.96641714813117,7.375965804694469,744,ERA5 archive 1990-2020
LPI,1995,3,6.052782431634493,177.21688401189277,9.044715105013443,744,ERA5 archive 1990-2020
P0,1995,4,4.59989064632556,69.64501089931086,6.185168552065898,720,ERA5 archive 1990-2020
LPI,1995,4,5.393116064255023,102.52770941131476,6.832747932967192,720,ERA5 archive 1990-2020
P0,1995,5,4.077170040904405,58.73143822954959,6.3657150735704064,744,ERA5 archive 1990-2020
LPI,1995,5,5.499339571076553,118.18258018211685,7.491604657273459,744,ERA5 archive 1990-2020
P0,1995,6,4.387036534348234,67.41951806399535,6.372377325447276,720,ERA5 archive 1990-2020
LPI,1995,6,6.8204436108278745,207.23431422504422,8.60101862486716,720,ERA5 archive 1990-2020
P0,1995,7,5.702654994422032,123.05577368243985,7.4716131663858745,744,ERA5 archive 1990-2020
LPI,1995,7,7.920406180640228,315.86729454143295,9.709909892492147,744,ERA5 archive 1990-2020
P0,1995,8,7.7452042881276295,290.21294176734017,9.45134204174318,744,ERA5 archive 1990-2020
LPI,1995,8,9.16116689922811,510.6983834963659,12.009994516939154,744,ERA5 archive 1990-2020
P0,1995,9,8.705193023325082,416.3143008588604,10.735566844546133,720,ERA5 archive 1990-2020
LPI,1995,9,9.961066083931465,641.757023523437,12.776775261280669,720,ERA5 archive 1990-2020
P0,1995,10,8.333510703763446,362.83862431197576,10.210498159668898,744,ERA5 archive 1990-2020
LPI,1995,10,9.484909748358666,550.2313858580528,11.995782059504354,744,ERA5 archive 1990-2020
P0,1995,11,7.733851121736277,291.80477037888136,9.436708524376668,720,ERA5 archive 1990-2020
LPI,1995,11,8.885502480867066,459.1107685428455,11.633214172313787,720,ERA5 archive 1990-2020
P0,1995,12,6.89381391936922,208.50883378344793,8.493213246745633,744,ERA5 archive 1990-2020
LPI,1995,12,8.017657273416672,331.5576963181816,10.24897148418698,744,ERA5 archive 1990-2020
P0,1996,1,5.720807610200241,140.80631268257278,8.006004281530402,744,ERA5 archive 1990-2020
LPI,1996,1,7.392157253482408,279.6304172684592,9.862686944644706,744,ERA5 archive 1990-2020
P0,1996,2,5.048766809839639,91.34133971252712,6.918262553366757,696,ERA5 archive 1990-2020
LPI,1996,2,6.9632728748212775,234.78173974811352,9.403990089696503,696,ERA5 archive 1990-2020
P0,1996,3,3.8686996194969083,49.23794959217804,5.848290167823672,744,ERA5 archive 1990-2020
LPI,1996,3,4.53757121679534,72.28244135847865,6.526901600488671,744,ERA5 archive 1990-2020
P0,1996,4,3.4475595837439634,39.55236030158717,5.710709598653382,720,ERA5 archive 1990-2020
LPI,1996,4,4.07119517100455,58.264055212842116,6.202700082496334,720,ERA5 archive 1990-2020
P0,1996,5,4.259319070254378,59.74689674874332,6.1404267643436015,744,ERA5 archive 1990-2020
LPI,1996,5,5.710823510294592,126.34970797490874,7.429976652753702,744,ERA5 archive 1990-2020
P0,1996,6,5.072347132470509,99.71650303725485,7.394466794511874,720,ERA5 archive 1990-2020
LPI,1996,6,7.700040378215365,297.62066865843883,9.915313087878546,720,ERA5 archive 1990-2020
P0,1996,7,5.926626755153565,143.39101227369622,7.906262878335378,744,ERA5 archive 1990-2020
LPI,1996,7,7.861237709560899,313.25540183081176,9.842536615806647,744,ERA5 archive 1990-2020
P0,1996,8,7.712078583450382,296.6882816540998,9.570578631794797,744,ERA5 archive 1990-2020
LPI,1996,8,8.493557833514398,395.9384303688899,10.82639746744549,744,ERA5 archive 1990-2020
P0,1996,9,9.327875968492691,497.779717852235,11.119677150077816,720,ERA5 archive 1990-2020
LPI,1996,9,9.733928062536721,587.1234812186242,12.202782297279684,720,ERA5 archive 1990-2020
P0,1996,10,9.365608914027861,488.7665754957918,10.727371837339085,744,ERA5 archive 1990-2020
LPI,1996,10,9.741594936856893,572.1892371418928,11.941077100851805,744,ERA5 archive 1990-2020
P0,1996,11,8.552696720893689,393.8730766776171,10.55389236880357,720,ERA5 archive 1990-2020
LPI,1996,11,8.781392549527348,434.23671197557735,11.075841549785046,720,ERA5 archive 1990-2020
P0,1996,12,8.461481893103594,368.20089796561035,10.020809822556412,744,ERA5 archive 1990-2020
LPI,1996,12,8.466872998346654,374.72563950958966,10.135139677461916,744,ERA5 archive 1990-2020
P0,1997,1,6.246118360868041,157.80248032197528,7.789980316801352,744,ERA5 archive 1990-2020
LPI,1997,1,7.982060554109513,322.70752711508004,9.973054550984175,744,ERA5 archive 1990-2020
P0,1997,2,6.8152620654530365,197.71550678620997,8.210023604623519,672,ERA5 archive 1990-2020
LPI,1997,2,8.268640446784184,347.52242790104975,9.985158181468767,672,ERA5 archive 1990-2020
P0,1997,3,5.22543820848625,122.06259735300796,8.283930769831562,744,ERA5 archive 1990-2020
LPI,1997,3,6.598012237805944,222.56578731876084,9.44349003823719,744,ERA5 archive 1990-2020
P0,1997,4,5.000515805045487,95.48729746819518,7.158560774948846,720,ERA5 archive 1990-2020
LPI,1997,4,5.837434082810324,137.55559004558452,7.745874823636128,720,ERA5 archive 1990-2020
P0,1997,5,4.922966726116224,85.99591526540176,6.805096446444899,744,ERA5 archive 1990-2020
LPI,1997,5,6.9622380284538465,227.34548507692685,9.047911838385472,744,ERA5 archive 1990-2020
P0,1997,6,7.283526430921782,236.40925660880512,8.606595370906405,720,ERA5 archive 1990-2020
LPI,1997,6,8.126751897201492,342.92403146408094,10.203063835256025,720,ERA5 archive 1990-2020
P0,1997,7,7.866936652520384,298.36738163645435,9.32312430794287,744,ERA5 archive 1990-2020
LPI,1997,7,8.712535601160301,433.3949828975711,11.381601582185503,744,ERA5 archive 1990-2020
P0,1997,8,8.393572539136429,367.52789079196117,10.12721602429485,744,ERA5 archive 1990-2020
LPI,1997,8,9.20856671559589,504.13331793474754,11.858134406948716,744,ERA5 archive 1990-2020
P0,1997,9,8.790383132231765,425.3846614360013,10.766734162940196,720,ERA5 archive 1990-2020
LPI,1997,9,9.2999350707639,517.8244675782254,11.840005056638693,720,ERA5 archive 1990-2020
P0,1997,10,8.439772753486372,370.717158408271,10.153755657201536,744,ERA5 archive 1990-2020
LPI,1997,10,9.119753221534308,487.7532308268934,11.619860054837554,744,ERA5 archive 1990-2020
P0,1997,11,7.743832032151285,286.7996559929256,9.269837798107945,720,ERA5 archive 1990-2020
LPI,1997,11,8.944198194818474,467.4972514399865,11.526248363772629,720,ERA5 archive 1990-2020
P0,1997,12,7.2122493736851805,238.25619099356112,8.781584461853347,744,ERA5 archive 1990-2020
LPI,1997,12,7.981451859176386,327.4985772931106,10.075591337121098,744,ERA5 archive 1990-2020
P0,1998,1,5.548610293206412,117.02346661513002,7.189902234293267,744,ERA5 archive 1990-2020
LPI,1998,1,6.531178492540932,190.154256266915,8.672313608892496,744,ERA5 archive 1990-2020
P0,1998,2,7.0360328564470445,210.63686381054194,8.227034122113478,672,ERA5 archive 1990-2020
LPI,1998,2,8.31587763777802,362.6401918441848,10.370704807485673,672,ERA5 archive 1990-2020
P0,1998,3,5.1661039652546,107.6493081962651,7.36595462543075,744,ERA5 archive 1990-2020
LPI,1998,3,7.002162584561107,243.57741750985124,9.665689873935298,744,ERA5 archive 1990-2020
P0,1998,4,6.280277552211024,157.50037579265157,7.731015096990526,720,ERA5 archive 1990-2020
LPI,1998,4,8.120925084598658,350.16479825428905,10.297777018716081,720,ERA5 archive 1990-2020
P0,1998,5,6.523835658192047,183.43161474992843,8.5815145840119,744,ERA5 archive 1990-2020
LPI,1998,5,8.424440243401634,382.234744323073,10.517613577949614,744,ERA5 archive 1990-2020
P0,1998,6,6.766811323765614,219.51189261045178,9.230794259556518,720,ERA5 archive 1990-2020
LPI,1998,6,8.717338837657918,426.98841469545084,11.22189991599607,720,ERA5 archive 1990-2020
P0,1998,7,6.880683764321787,221.1322097708637,8.982325693672587,744,ERA5 archive 1990-2020
LPI,1998,7,8.362910450524247,378.88011907697336,10.671624924183874,744,ERA5 archive 1990-2020
P0,1998,8,8.101091047056546,341.2012207735307,10.19961139808028,744,ERA5 archive 1990-2020
LPI,1998,8,9.303574474515933,521.5496972593193,11.971163085226552,744,ERA5 archive 1990-2020
P0,1998,9,8.940332258427935,435.9636604758459,10.751332265648024,720,ERA5 archive 1990-2020
LPI,1998,9,9.97183805793541,645.3672830873679,12.69322612092947,720,ERA5 archive 1990-2020
P0,1998,10,9.496129219740677,533.8274935716001,11.786913649047188,744,ERA5 archive 1990-2020
LPI,1998,10,10.073284192683403,646.6089873852804,12.552728195892985,744,ERA5 archive 1990-2020
P0,1998,11,7.5452323943142625,272.88306751273035,9.515484834154712,720,ERA5 archive 1990-2020
LPI,1998,11,8.958350490926716,452.6261629684249,10.999687239653195,720,ERA5 archive 1990-2020
P0,1998,12,7.463005037468048,273.4241384414566,9.407403398287542,744,ERA5 archive 1990-2020
LPI,1998,12,9.10296364084625,474.37559195469044,11.294322398115867,744,ERA5 archive 1990-2020
P0,1999,1,6.190791043059996,167.80304587111368,8.303252657962803,744,ERA5 archive 1990-2020
LPI,1999,1,8.04885444058719,357.39628505296554,10.842733484706764,744,ERA5 archive 1990-2020
P0,1999,2,5.24048672801868,104.56857962749207,7.019463062459378,672,ERA5 archive 1990-2020
LPI,1999,2,7.833157273613056,311.64281685562395,10.08244183040103,672,ERA5 archive 1990-2020
P0,1999,3,4.758191769396295,82.06513796756086,6.633982619635675,744,ERA5 archive 1990-2020
LPI,1999,3,6.021159799894254,162.81144181140897,8.305736142939,744,ERA5 archive 1990-2020
P0,1999,4,5.633682728418888,127.82946201157404,7.465116544495529,720,ERA5 archive 1990-2020
LPI,1999,4,7.365252346679531,260.1219521475946,9.357679953833678,720,ERA5 archive 1990-2020
P0,1999,5,4.389295220293857,68.25184034203153,6.518801128781932,744,ERA5 archive 1990-2020
LPI,1999,5,6.4052352770673355,188.9975770409683,8.83641342087956,744,ERA5 archive 1990-2020
P0,1999,6,5.916376211936926,146.35552812134452,7.8660422300642345,720,ERA5 archive 1990-2020
LPI,1999,6,8.027021581778785,343.1174921972548,10.337804816769124,720,ERA5 archive 1990-2020
P0,1999,7,5.937962807324102,145.2281442653784,8.05046319365976,744,ERA5 archive 1990-2020
LPI,1999,7,8.388665064050471,399.01980462468833,10.993819870778523,744,ERA5 archive 1990-2020
P0,1999,8,7.063516065372423,246.8359969136385,9.710684313917877,744,ERA5 archive 1990-2020
LPI,1999,8,9.129663424745281,501.51834536171333,11.77008096789414,744,ERA5 archive 1990-2020
P0,1999,9,8.823704323346496,424.99869718737466,10.656861455037056,720,ERA5 archive 1990-2020
LPI,1999,9,9.80816987749558,608.3708052155215,12.630904292203779,720,ERA5 archive 1990-2020
P0,1999,10,8.14636846128906,350.2239976636779,10.320773481018065,744,ERA5 archive 1990-2020
LPI,1999,10,9.216363368667805,512.1063571605904,11.938265028892998,744,ERA5 archive 1990-2020
P0,1999,11,7.894123822018023,319.2183715640792,9.988057213235216,720,ERA5 archive 1990-2020
LPI,1999,11,8.963197890618225,459.3136570499718,11.28050750651273,720,ERA5 archive 1990-2020
P0,1999,12,7.3562620633625295,275.4211699100011,9.603956021769024,744,ERA5 archive 1990-2020
LPI,1999,12,8.061895617434239,348.54532218277785,10.409191484447764,744,ERA5 archive 1990-2020
P0,2000,1,5.174987903507344,95.7572729266209,6.931108416292408,744,ERA5 archive 1990-2020
LPI,2000,1,6.690923273502452,197.35698303414568,8.591356131785309,744,ERA5 archive 1990-2020
P0,2000,2,4.404548452254371,72.581340940275,6.6114831752277965,696,ERA5 archive 1990-2020
LPI,2000,2,5.435409274853248,128.2974356248938,7.694881866251981,696,ERA5 archive 1990-2020
P0,2000,3,5.051058809777504,91.62518985313794,6.751605393013242,744,ERA5 archive 1990-2020
LPI,2000,3,6.603849205377286,195.53101282805775,8.642722552406335,744,ERA5 archive 1990-2020
P0,2000,4,4.623052206454036,73.23347062206649,6.5211008567167505,720,ERA5 archive 1990-2020
LPI,2000,4,5.531798526968824,128.43019914339303,7.848726833453669,720,ERA5 archive 1990-2020
P0,2000,5,5.5206466503805185,112.77221790944871,7.186007077081625,744,ERA5 archive 1990-2020
LPI,2000,5,7.22735870701148,249.64433368719938,9.234309724729146,744,ERA5 archive 1990-2020
P0,2000,6,5.781748662879791,136.07092813116358,7.802493544102078,720,ERA5 archive 1990-2020
LPI,2000,6,7.191840598250685,246.0837412476894,9.274060637994562,720,ERA5 archive 1990-2020
P0,2000,7,5.447587783838614,114.87443190508714,7.219551884327998,744,ERA5 archive 1990-2020
LPI,2000,7,7.232038723093063,235.46522463900337,8.888146063068586,744,ERA5 archive 1990-2020
P0,2000,8,7.849189628003568,317.6926736901823,10.306587841852144,744,ERA5 archive 1990-2020
LPI,2000,8,8.672809167326271,420.0111052766671,10.949484242789003,744,ERA5 archive 1990-2020
P0,2000,9,8.861129995027731,433.84053788125533,10.884406224545964,720,ERA5 archive 1990-2020
LPI,2000,9,9.125853346997259,472.35143544650526,11.17271552359593,720,ERA5 archive 1990-2020
P0,2000,10,8.995493114905425,446.41904427304615,10.7908553065969,744,ERA5 archive 1990-2020
LPI,2000,10,9.913526474506748,613.8963207017625,12.263002003763452,744,ERA5 archive 1990-2020
P0,2000,11,8.929118622346339,431.91941101618585,10.617880609023585,720,ERA5 archive 1990-2020
LPI,2000,11,8.965664050517633,455.43388576592696,11.191899164660585,720,ERA5 archive 1990-2020
P0,2000,12,7.417791936239944,268.55112364740125,9.313052238487796,744,ERA5 archive 1990-2020
LPI,2000,12,7.952937148125879,338.5363995621271,10.441298693028966,744,ERA5 archive 1990-2020
P0,2001,1,6.057864367782308,144.985822408991,7.574484296062284,744,ERA5 archive 1990-2020
LPI,2001,1,8.417629385951287,385.7611335034117,10.64973682995736,744,ERA5 archive 1990-2020
P0,2001,2,4.460441225238758,61.13191657841822,5.892826183379638,672,ERA5 archive 1990-2020
LPI,2001,2,7.258979220653252,264.33760115993124,9.784919413800402,672,ERA5 archive 1990-2020
P0,2001,3,4.92902427456969,90.74524499514077,6.971899721100093,744,ERA5 archive 1990-2020
LPI,2001,3,6.281236636766438,178.63583308166247,8.616345475961463,744,ERA5 archive 1990-2020
P0,2001,4,4.1395814373378155,57.371258080277286,6.142146872384791,720,ERA5 archive 1990-2020
LPI,2001,4,6.21074865109707,171.71564437551126,8.5063803654244,720,ERA5 archive 1990-2020
P0,2001,5,5.990097220857872,135.95581917177975,7.371444768246481,744,ERA5 archive 1990-2020
LPI,2001,5,7.699525967970584,297.6220628339222,9.869700786599056,744,ERA5 archive 1990-2020
P0,2001,6,5.437351187246529,105.54338504018256,6.859901030160532,720,ERA5 archive 1990-2020
LPI,2001,6,7.496393030278261,271.9251712550356,9.541229705921086,720,ERA5 archive 1990-2020
P0,2001,7,6.349950864351669,175.79837305842048,8.55801742816593,744,ERA5 archive 1990-2020
LPI,2001,7,8.371523661564808,375.611156378607,10.582375587870976,744,ERA5 archive 1990-2020
P0,2001,8,7.304384483396571,258.0374967495865,9.534526736024727,744,ERA5 archive 1990-2020
LPI,2001,8,9.489266217192549,549.7738178841606,12.217000523740216,744,ERA5 archive 1990-2020
P0,2001,9,8.470374757947754,389.1477289452406,10.719136337867912,720,ERA5 archive 1990-2020
LPI,2001,9,9.5803146055781,568.1276625099533,12.17274123449703,720,ERA5 archive 1990-2020
P0,2001,10,8.402554690713194,368.1634223776622,10.154541599250537,744,ERA5 archive 1990-2020
LPI,2001,10,9.30743006407737,514.2878034889621,11.685260269614766,744,ERA5 archive 1990-2020
P0,2001,11,8.540623227749421,376.3282315719052,9.928498640977667,720,ERA5 archive 1990-2020
LPI,2001,11,9.279844487296296,496.5874582158698,11.37895840175078,720,ERA5 archive 1990-2020
P0,2001,12,8.314406857968898,357.28482441764027,9.97674771782963,744,ERA5 archive 1990-2020
LPI,2001,12,8.957153699638488,438.7054981178018,10.56741099303022,744,ERA5 archive 1990-2020
P0,2002,1,5.170921830362193,103.35140287223103,6.906673457381233,744,ERA5 archive 1990-2020
LPI,2002,1,6.042332439219775,149.44217382057346,7.7901679787589195,744,ERA5 archive 1990-2020
P0,2002,2,6.5150724599606225,181.7764133432103,8.090721974654304,672,ERA5 archive 1990-2020
LPI,2002,2,7.27073796972032,260.05005991418597,9.755320000275804,672,ERA5 archive 1990-2020
P0,2002,3,5.133437953356542,103.60733647102242,7.348551965279348,744,ERA5 archive 1990-2020
LPI,2002,3,6.295266467605551,180.13284757684164,8.574049807632049,744,ERA5 archive 1990-2020
P0,2002,4,4.4964425714227,84.39290395901128,7.311133078632487,720,ERA5 archive 1990-2020
LPI,2002,4,6.060804857913199,170.69061799562002,8.716818456240787,720,ERA5 archive 1990-2020
P0,2002,5,5.788800453902045,133.36334862960177,7.784919605129851,744,ERA5 archive 1990-2020
LPI,2002,5,6.811628225712399,208.44564198929925,8.773174282049908,744,ERA5 archive 1990-2020
P0,2002,6,6.040773810770992,148.58432460630104,7.876840054326894,720,ERA5 archive 1990-2020
LPI,2002,6,7.212823432487857,245.18371951620816,9.055836254870657,720,ERA5 archive 1990-2020
P0,2002,7,7.36913461822226,266.8846465912627,9.45372085864349,744,ERA5 archive 1990-2020
LPI,2002,7,8.04335099854811,332.84999146602786,10.033335894967793,744,ERA5 archive 1990-2020
P0,2002,8,7.927558372495345,319.1063669580928,9.920071244285896,744,ERA5 archive 1990-2020
LPI,2002,8,9.372067615847895,523.5980775590051,11.716361033752456,744,ERA5 archive 1990-2020
P0,2002,9,8.867479028594953,437.0921049805612,10.673502447032126,720,ERA5 archive 1990-2020
LPI,2002,9,9.815063312796203,600.9339021394084,12.199359853164744,720,ERA5 archive 1990-2020
P0,2002,10,9.4318965977066,515.5809042813183,11.546557208546464,744,ERA5 archive 1990-2020
LPI,2002,10,10.103897156649905,649.5697124383327,12.454435448895719,744,ERA5 archive 1990-2020
P0,2002,11,8.40962049057148,366.51184449978075,10.09163418094241,720,ERA5 archive 1990-2020
LPI,2002,11,9.338116220631996,522.23164018282,11.879036912705685,720,ERA5 archive 1990-2020
P0,2002,12,7.3320182809387235,253.33734049985492,9.214786507096838,744,ERA5 archive 1990-2020
LPI,2002,12,8.175502246380374,362.0798064521493,10.492344655698076,744,ERA5 archive 1990-2020
P0,2003,1,6.761721806104378,196.91392635349737,8.216314302398896,744,ERA5 archive 1990-2020
LPI,2003,1,6.524421037771149,199.36996116968862,9.105278302585946,744,ERA5 archive 1990-2020
P0,2003,2,5.864700711479016,139.12599892888488,7.803187458183335,672,ERA5 archive 1990-2020
LPI,2003,2,6.879617721727833,213.57833407738613,8.754596132848668,672,ERA5 archive 1990-2020
P0,2003,3,5.0602382113454825,99.08693938830116,7.167918095602971,744,ERA5 archive 1990-2020
LPI,2003,3,5.691891361881436,131.16667000464307,7.745355953292061,744,ERA5 archive 1990-2020
P0,2003,4,5.266062559418596,102.9544642685902,7.096298066367403,720,ERA5 archive 1990-2020
LPI,2003,4,5.915720290987149,146.08369617234231,8.027630640662746,720,ERA5 archive 1990-2020
P0,2003,5,5.859554723198475,134.3605431044569,7.665674125967949,744,ERA5 archive 1990-2020
LPI,2003,5,7.075090630644897,232.86085613308583,9.012692746022305,744,ERA5 archive 1990-2020
P0,2003,6,5.839413193500996,135.74472329327259,7.692874630484795,720,ERA5 archive 1990-2020
LPI,2003,6,7.448858106732303,266.2229440394918,9.432470852600543,720,ERA5 archive 1990-2020
P0,2003,7,6.7173106400560725,201.6689804186133,8.681935368991608,744,ERA5 archive 1990-2020
LPI,2003,7,8.74376580777533,425.38512165336186,10.91181274646425,744,ERA5 archive 1990-2020
P0,2003,10,9.11284637960425,464.8433498906044,10.985303533699302,744,ERA5 archive 1990-2020
LPI,2003,10,9.98301085501324,642.3576613394665,12.511227462330856,744,ERA5 archive 1990-2020
P0,2003,11,8.074233501323404,337.6242439231346,10.064022626600345,720,ERA5 archive 1990-2020
LPI,2003,11,9.400433256007336,534.6323814596996,11.957135135946912,720,ERA5 archive 1990-2020
P0,2003,12,7.578478842816499,267.0549541274532,9.11530841575476,744,ERA5 archive 1990-2020
LPI,2003,12,8.717900802431,419.9581869014662,10.821558081527652,744,ERA5 archive 1990-2020
P0,2004,1,5.041459289433195,110.00198621498673,7.868833934345398,744,ERA5 archive 1990-2020
LPI,2004,1,5.794476531182723,185.7525722476214,9.546504942360942,744,ERA5 archive 1990-2020
P0,2004,2,5.308950481031622,99.46787070440782,6.7857277667688525,696,ERA5 archive 1990-2020
LPI,2004,2,5.978260843541379,145.48659655169124,7.875603217279686,696,ERA5 archive 1990-2020
P0,2004,3,5.584083255928827,121.97416722227494,7.463452841278144,744,ERA5 archive 1990-2020
LPI,2004,3,6.874166945159405,221.26600250200877,8.98021085535076,744,ERA5 archive 1990-2020
P0,2004,4,5.349011412120901,106.96482288021869,7.084353456901841,720,ERA5 archive 1990-2020
LPI,2004,4,7.159640662027041,238.88072507914666,8.951804971102991,720,ERA5 archive 1990-2020
P0,2004,5,5.94875177631315,137.2526357444851,7.461528786149952,744,ERA5 archive 1990-2020
LPI,2004,5,7.339753811220722,253.0852347311598,9.107477419149625,744,ERA5 archive 1990-2020
P0,2004,6,6.04303528143172,143.5613264132529,7.750798688863865,720,ERA5 archive 1990-2020
LPI,2004,6,7.206257872517214,242.0167181409052,8.975142176183326,720,ERA5 archive 1990-2020
P0,2004,7,6.473542822620532,174.68457530464207,8.09200114578623,744,ERA5 archive 1990-2020
LPI,2004,7,7.7957675267050455,297.7077471902013,9.513895291126786,744,ERA5 archive 1990-2020
P0,2004,8,7.536160582627579,267.49936170360695,9.27804176339163,744,ERA5 archive 1990-2020
LPI,2004,8,8.919056967874223,449.8717645514982,11.28532712738876,744,ERA5 archive 1990-2020
P0,2004,9,8.56168145218078,389.62160271128255,10.375742922738054,720,ERA5 archive 1990-2020
LPI,2004,9,9.856135731247768,623.6790063659025,12.580072589751067,720,ERA5 archive 1990-2020
P0,2004,10,9.417940433684564,508.6013929850288,11.044404683909256,744,ERA5 archive 1990-2020
LPI,2004,10,10.114528457918293,657.9246769636221,12.654070067413263,744,ERA5 archive 1990-2020
P0,2004,11,9.087355662095264,466.1527448637985,11.035068255502525,720,ERA5 archive 1990-2020
LPI,2004,11,9.743507981976236,583.8641670068497,12.248301447855559,720,ERA5 archive 1990-2020
P0,2004,12,7.866167172220059,298.99258963224196,9.23619305077874,744,ERA5 archive 1990-2020
LPI,2004,12,8.969197477560126,454.35574428107736,11.104078872094062,744,ERA5 archive 1990-2020
P0,2005,1,6.773701316097045,225.7810889617486,9.181519430045892,744,ERA5 archive 1990-2020
LPI,2005,1,8.029821147886574,365.5763497655935,10.901111413995615,744,ERA5 archive 1990-2020
P0,2005,2,6.464396887297242,184.4452208371678,8.416880956422366,672,ERA5 archive 1990-2020
LPI,2005,2,7.845718783485457,314.47754671582356,10.104333855576375,672,ERA5 archive 1990-2020
P0,2005,3,5.153085314182477,108.3330792383498,7.678010216406664,744,ERA5 archive 1990-2020
LPI,2005,3,6.660299937943503,243.28642211081913,9.993827723489282,744,ERA5 archive 1990-2020
P0,2005,4,6.191237462465266,157.70429777152162,7.985709192034239,720,ERA5 archive 1990-2020
LPI,2005,4,7.402902893585686,259.99488691441036,9.21279994985658,720,ERA5 archive 1990-2020
P0,2005,5,5.702933063904061,133.63131287888766,7.842362573498508,744,ERA5 archive 1990-2020
LPI,2005,5,7.155236788044203,236.7264255099034,8.863922365009415,744,ERA5 archive 1990-2020
P0,2005,6,6.29007607943853,161.31584683799292,8.039239377389757,720,ERA5 archive 1990-2020
LPI,2005,6,7.714330312878058,289.7032848022075,9.410288499296007,720,ERA5 archive 1990-2020
P0,2005,7,6.40261117629255,187.58213542358214,9.21378464545589,744,ERA5 archive 1990-2020
LPI,2005,7,8.328141865455432,373.43652205378726,10.738281175193203,744,ERA5 archive 1990-2020
P0,2005,8,7.784359406758396,310.98031026867505,9.995682504048165,744,ERA5 archive 1990-2020
LPI,2005,8,9.14746183183328,483.75212967006235,11.342782822622512,744,ERA5 archive 1990-2020
P0,2005,9,9.064368766584732,470.6703171538665,11.167282217130342,720,ERA5 archive 1990-2020
LPI,2005,9,9.542666327519285,560.9899800391995,12.186943806569516,720,ERA5 archive 1990-2020
P0,2005,10,9.259246805536394,490.6393709674621,11.346562236197954,744,ERA5 archive 1990-2020
LPI,2005,10,9.98304279386399,632.44231520073,12.470245928756052,744,ERA5 archive 1990-2020
P0,2005,11,9.132464311185482,463.16839969949547,10.845336571016281,720,ERA5 archive 1990-2020
LPI,2005,11,9.73181488180289,576.8998452617789,11.992118864945287,720,ERA5 archive 1990-2020
P0,2005,12,7.410358401217783,271.61617536583003,9.35247578284127,744,ERA5 archive 1990-2020
LPI,2005,12,8.930989153367447,455.96274208839424,11.3119564723084,744,ERA5 archive 1990-2020
P0,2006,1,6.6235549430494896,196.62069299880352,8.499104544087528,744,ERA5 archive 1990-2020
LPI,2006,1,9.188938191270001,493.25625813347324,11.256306267154185,744,ERA5 archive 1990-2020
P0,2006,2,5.735686433051107,127.28546983698627,7.418637320158687,672,ERA5 archive 1990-2020
LPI,2006,2,6.5619269046841415,208.55417900042337,9.291059013299662,672,ERA5 archive 1990-2020
P0,2006,3,5.46749147448672,108.07289392537395,7.091468832471771,744,ERA5 archive 1990-2020
LPI,2006,3,6.079659042202243,149.38120235629864,7.764744358818763,744,ERA5 archive 1990-2020
P0,2006,4,3.6535678106595544,40.78373163312695,5.47294568937574,720,ERA5 archive 1990-2020
LPI,2006,4,4.743507446020968,79.43002974818604,6.719828194399096,720,ERA5 archive 1990-2020
P0,2006,5,4.4893887457779655,78.99427356135668,6.972459335213856,744,ERA5 archive 1990-2020
LPI,2006,5,5.96219643067397,156.1363325384885,8.157255807057277,744,ERA5 archive 1990-2020
P0,2006,6,4.980560360481056,99.38778453451953,7.383328219139576,720,ERA5 archive 1990-2020
LPI,2006,6,7.626149367788006,299.8150224186606,10.072487686820926,720,ERA5 archive 1990-2020
P0,2006,7,6.2793118301709185,170.18111305078463,8.445403362556096,744,ERA5 archive 1990-2020
LPI,2006,7,8.134093087679544,348.94519741915576,10.382076357810863,744,ERA5 archive 1990-2020
P0,2006,8,7.455581615128169,282.28293121753586,9.698067947167205,744,ERA5 archive 1990-2020
LPI,2006,8,9.016864081760085,476.9641700509711,11.530572934088106,744,ERA5 archive 1990-2020
P0,2006,9,8.70897382446818,418.92022675919844,10.73700373989639,720,ERA5 archive 1990-2020
LPI,2006,9,9.596296033258646,562.855197161262,12.092366265324594,720,ERA5 archive 1990-2020
P0,2006,10,8.776791169611915,421.71393065822593,10.787291407250688,744,ERA5 archive 1990-2020
LPI,2006,10,9.805401210391498,597.3817336778673,12.241127471196982,744,ERA5 archive 1990-2020
P0,2006,11,8.513982930176722,383.33207972530585,10.400884376466436,720,ERA5 archive 1990-2020
LPI,2006,11,9.141232222570778,483.0545255240347,11.424731456390058,720,ERA5 archive 1990-2020
P0,2006,12,7.8768923607197365,313.0151438812858,9.885750473780687,744,ERA5 archive 1990-2020
LPI,2006,12,8.342422302340339,375.9928444854099,10.613742495889182,744,ERA5 archive 1990-2020
P0,2007,1,7.6511157663521185,273.40820283498647,9.010150540989386,744,ERA5 archive 1990-2020
LPI,2007,1,8.446974026224147,379.835886376227,10.557726005682724,744,ERA5 archive 1990-2020
P0,2007,2,4.881870001600625,87.8554997876328,6.976045327527295,672,ERA5 archive 1990-2020
LPI,2007,2,5.800222492902675,151.27372686412704,8.269502928753411,672,ERA5 archive 1990-2020
P0,2007,3,5.5797850635672015,119.65857174864604,7.344561133373495,744,ERA5 archive 1990-2020
LPI,2007,3,6.776902839123288,212.05269008470776,8.863441044865537,744,ERA5 archive 1990-2020
P0,2007,4,4.908676911725891,89.098070874987,6.951884016396924,720,ERA5 archive 1990-2020
LPI,2007,4,6.541495417885423,192.47108345717453,8.634241439930086,720,ERA5 archive 1990-2020
P0,2007,5,5.3815497282405635,106.3795056240689,6.982183702017157,744,ERA5 archive 1990-2020
LPI,2007,5,7.176356880725916,247.78073597724304,9.227932503320607,744,ERA5 archive 1990-2020
P0,2007,6,6.047746511111703,140.9453040237928,7.576821085255996,720,ERA5 archive 1990-2020
LPI,2007,6,7.891548795781361,314.74388232995784,9.99495543540095,720,ERA5 archive 1990-2020
P0,2007,7,7.3389704594759255,257.873724117124,9.43098915497572,744,ERA5 archive 1990-2020
LPI,2007,7,8.710422473997562,420.11292400432444,10.89439026933511,744,ERA5 archive 1990-2020
P0,2007,8,7.822973910795265,311.17807624860546,9.881478947475824,744,ERA5 archive 1990-2020
LPI,2007,8,9.350473408925323,514.1911420476212,11.729279862507267,744,ERA5 archive 1990-2020
P0,2007,9,8.24290354356704,346.4294872140383,9.954672120218929,720,ERA5 archive 1990-2020
LPI,2007,9,9.844702384537724,613.3507576119482,12.578387634313113,720,ERA5 archive 1990-2020
P0,2007,10,9.41716218260224,509.7928516666412,11.239586399809644,744,ERA5 archive 1990-2020
LPI,2007,10,10.038573563010289,645.2893703824319,12.55601917867602,744,ERA5 archive 1990-2020
P0,2007,11,8.848350169743467,442.7982522011357,11.244218033748252,720,ERA5 archive 1990-2020
LPI,2007,11,9.48377735440349,543.1630585547919,11.81974735676714,720,ERA5 archive 1990-2020
P0,2007,12,7.739058510377183,288.91489956712763,9.376783439717036,744,ERA5 archive 1990-2020
LPI,2007,12,8.829855105227605,442.2708469997607,11.123948571218374,744,ERA5 archive 1990-2020
P0,2008,1,6.061240299383975,153.673380971614,8.084219538111329,744,ERA5 archive 1990-2020
LPI,2008,1,7.74174065622449,319.8437463839818,10.417193446613725,744,ERA5 archive 1990-2020
P0,2008,2,5.8415121770706575,142.01288846440926,7.877210076451757,696,ERA5 archive 1990-2020
LPI,2008,2,7.427336425544406,284.38111519429674,10.142357890053058,696,ERA5 archive 1990-2020
P0,2008,3,3.448823983244703,41.368332404597155,5.68619243524136,744,ERA5 archive 1990-2020
LPI,2008,3,3.9662677879347257,60.93309057618105,6.393200705970234,744,ERA5 archive 1990-2020
P0,2008,4,4.3243783348401905,61.43305882733417,6.0390547815413385,720,ERA5 archive 1990-2020
LPI,2008,4,4.850786258897451,88.7370887343456,6.965186959125951,720,ERA5 archive 1990-2020
P0,2008,5,3.9264227916136343,52.68817299393022,6.026328656583008,744,ERA5 archive 1990-2020
LPI,2008,5,5.252839961403195,109.77048792734858,7.312908498276376,744,ERA5 archive 1990-2020
P0,2008,6,4.171686957211303,58.87984383040062,6.071074937382631,720,ERA5 archive 1990-2020
LPI,2008,6,6.5186018309351335,194.71273023549267,8.782927748635995,720,ERA5 archive 1990-2020
P0,2008,7,5.397506244890271,116.34513646967294,7.49372534975398,744,ERA5 archive 1990-2020
LPI,2008,7,7.7664764743394885,294.08335522169443,9.371742272495618,744,ERA5 archive 1990-2020
P0,2008,8,7.183823723735349,242.8094159282234,9.093710751560662,744,ERA5 archive 1990-2020
LPI,2008,8,8.210358376190017,363.14921667861233,10.487574749756703,744,ERA5 archive 1990-2020
P0,2008,9,9.006563624535774,449.40720786550196,10.851245990446944,720,ERA5 archive 1990-2020
LPI,2008,9,9.440834720941714,528.6063881720308,11.767845177954827,720,ERA5 archive 1990-2020
P0,2008,10,9.358928256039352,510.8599640367421,11.537625174046122,744,ERA5 archive 1990-2020
LPI,2008,10,9.72886659014795,581.6770280626824,12.09442531414856,744,ERA5 archive 1990-2020
P0,2008,11,8.777013141044204,418.40258381642604,10.662927124189894,720,ERA5 archive 1990-2020
LPI,2008,11,9.589947360391816,542.6705389475715,11.455530264063716,720,ERA5 archive 1990-2020
P0,2008,12,7.544279663937362,270.3804830723885,9.424557565095014,744,ERA5 archive 1990-2020
LPI,2008,12,8.527135489815093,402.76756580897205,10.870870414357096,744,ERA5 archive 1990-2020
P0,2009,1,6.528937144519139,191.24277287469968,8.5602277655031,744,ERA5 archive 1990-2020
LPI,2009,1,7.406249672619937,290.49518625118077,10.242011170902652,744,ERA5 archive 1990-2020
P0,2009,2,5.753709885628699,134.53809401502565,7.739092901550062,672,ERA5 archive 1990-2020
LPI,2009,2,6.439840532825292,184.86952844940512,8.68715027751281,672,ERA5 archive 1990-2020
P0,2009,3,4.616071657572683,74.39703205175469,6.631450546244483,744,ERA5 archive 1990-2020
LPI,2009,3,5.392933305545482,109.766233429489,7.243250877284159,744,ERA5 archive 1990-2020
P0,2009,4,3.60829774949516,40.7117244696467,5.552596385334209,720,ERA5 archive 1990-2020
LPI,2009,4,3.8512438248185603,49.78608353119158,5.898472478004204,720,ERA5 archive 1990-2020
P0,2009,5,3.285067210797947,32.589707192623415,5.088451811013983,744,ERA5 archive 1990-2020
LPI,2009,5,3.9545975576480585,55.2742574942391,6.222105179630998,744,ERA5 archive 1990-2020
P0,2009,6,4.899419632288016,100.11389180614607,7.500612461618364,720,ERA5 archive 1990-2020
LPI,2009,6,6.269014742715552,166.18959086400167,8.077473237648915,720,ERA5 archive 1990-2020
P0,2009,7,6.481050833270543,174.92146127499996,8.098555163668069,744,ERA5 archive 1990-2020
LPI,2009,7,7.369527953513295,254.10805472602988,8.98968200070178,744,ERA5 archive 1990-2020
P0,2009,8,7.807087868934218,303.512024669427,9.725109977787431,744,ERA5 archive 1990-2020
LPI,2009,8,8.40831955699112,370.1235941511109,10.504154704453144,744,ERA5 archive 1990-2020
P0,2009,9,9.304271608632181,487.8047381286701,10.98542714226814,720,ERA5 archive 1990-2020
LPI,2009,9,9.45751072822277,529.1927012011998,11.628882068653734,720,ERA5 archive 1990-2020
P0,2009,10,8.575153866328984,384.05045085147543,10.187027470745594,744,ERA5 archive 1990-2020
LPI,2009,10,9.029426028744352,457.552216847463,10.978940281200279,744,ERA5 archive 1990-2020
P0,2009,11,9.504257515013366,517.2553142313875,10.961000961075726,720,ERA5 archive 1990-2020
LPI,2009,11,9.660193956889856,557.7092375765625,11.75899481088752,720,ERA5 archive 1990-2020
P0,2009,12,8.214351849141162,349.45084399742075,9.900727431069265,744,ERA5 archive 1990-2020
LPI,2009,12,8.365066867880213,368.793012243221,10.300989894854409,744,ERA5 archive 1990-2020
P0,2010,1,6.905891342029316,208.6225424783217,8.361405613559496,744,ERA5 archive 1990-2020
LPI,2010,1,7.387805527562168,257.6014014918248,9.275924299952035,744,ERA5 archive 1990-2020
P0,2010,2,7.9146896316758815,318.17504539121484,9.921541865143512,672,ERA5 archive 1990-2020
LPI,2010,2,8.15876899116573,343.91473911301784,10.158108037733,672,ERA5 archive 1990-2020
P0,2010,3,6.242643208390841,174.30605283676277,8.450618883669705,744,ERA5 archive 1990-2020
LPI,2010,3,6.885119761920871,225.85931059745047,9.139797376672071,744,ERA5 archive 1990-2020
P0,2010,4,5.317032020946404,107.10167000404407,7.075069452684526,720,ERA5 archive 1990-2020
LPI,2010,4,6.285685006227059,177.98644401062188,8.575986146789784,720,ERA5 archive 1990-2020
P0,2010,5,5.273021958730923,105.83285852826218,7.1588842781911035,744,ERA5 archive 1990-2020
LPI,2010,5,7.063575689168274,242.27156162672745,9.400518961580984,744,ERA5 archive 1990-2020
P0,2010,6,4.75213156958,81.62828852187866,6.5928799008942045,720,ERA5 archive 1990-2020
LPI,2010,6,7.375534981425792,273.502738647356,9.600878141539985,720,ERA5 archive 1990-2020
P0,2010,7,5.986636379074031,150.77643994166604,8.19710301451165,744,ERA5 archive 1990-2020
LPI,2010,7,8.144942616887601,346.86118214375,10.310546867113507,744,ERA5 archive 1990-2020
P0,2010,8,7.409526552738953,268.0852744408186,9.410404543509149,744,ERA5 archive 1990-2020
LPI,2010,8,9.255341298462396,508.0749189156279,11.679385876926798,744,ERA5 archive 1990-2020
P0,2010,9,8.641839268228976,405.5909631935193,10.445681244733086,720,ERA5 archive 1990-2020
LPI,2010,9,9.934686258170586,629.7435823219371,12.534650465999082,720,ERA5 archive 1990-2020
P0,2010,10,7.777046894499023,298.9331280778756,9.613778210595628,744,ERA5 archive 1990-2020
LPI,2010,10,8.552384410407246,414.66592916000644,11.149129284701484,744,ERA5 archive 1990-2020
P0,2010,11,8.323052812019908,360.3040902819134,10.030789044880006,720,ERA5 archive 1990-2020
LPI,2010,11,9.44689822218901,532.4541021211325,11.705088248636761,720,ERA5 archive 1990-2020
P0,2010,12,6.8804599580699435,229.50869396383655,9.204810564337224,744,ERA5 archive 1990-2020
LPI,2010,12,7.961741632853731,332.9642783756753,10.309374384647276,744,ERA5 archive 1990-2020
P0,2011,1,5.755031465148009,142.3410084822288,7.850369157629695,744,ERA5 archive 1990-2020
LPI,2011,1,6.327861549684495,197.25162640160542,9.168479411954245,744,ERA5 archive 1990-2020
P0,2011,2,5.183105520830786,113.78359735511827,7.568346735223835,672,ERA5 archive 1990-2020
LPI,2011,2,6.23797988450238,171.6129677163793,8.465536065190017,672,ERA5 archive 1990-2020
P0,2011,3,4.903815015443204,84.06276170186884,6.576621943444797,744,ERA5 archive 1990-2020
LPI,2011,3,5.190524339548297,101.05802461327715,7.004748026734982,744,ERA5 archive 1990-2020
P0,2011,4,4.338520019771323,72.16958038826392,6.726232035098813,720,ERA5 archive 1990-2020
LPI,2011,4,4.9412630739693375,98.2824204876464,7.230547033765518,720,ERA5 archive 1990-2020
P0,2011,5,4.221126024154612,58.407383716518495,6.1573781810546455,744,ERA5 archive 1990-2020
LPI,2011,5,5.685345211197131,137.5347293785255,7.986902467916955,744,ERA5 archive 1990-2020
P0,2011,6,5.764217274783688,135.09598567885914,7.760185004463589,720,ERA5 archive 1990-2020
LPI,2011,6,6.547379842842683,189.87954693439826,8.505151530429817,720,ERA5 archive 1990-2020
P0,2011,7,6.0359379445417485,154.46858006059304,8.290233413199728,744,ERA5 archive 1990-2020
LPI,2011,7,7.326728519705151,266.26550495735626,9.70428347573089,744,ERA5 archive 1990-2020
P0,2011,8,8.068616142012536,340.2121473806586,10.169770826876254,744,ERA5 archive 1990-2020
LPI,2011,8,8.621739793108,408.0840848505435,10.956635972151853,744,ERA5 archive 1990-2020
P0,2011,9,8.507887364133792,385.30035494878217,10.38352581672622,720,ERA5 archive 1990-2020
LPI,2011,9,9.454269221054139,549.0951404234077,12.117243129648653,720,ERA5 archive 1990-2020
P0,2011,10,8.388950370222107,385.522617136058,10.467481087954914,744,ERA5 archive 1990-2020
LPI,2011,10,9.139874751872796,496.71338780652525,11.980057389489009,744,ERA5 archive 1990-2020
P0,2011,11,8.668419164684732,393.76009111616884,10.068165306891089,720,ERA5 archive 1990-2020
LPI,2011,11,9.353801660861995,507.84104666021017,11.435167646105567,720,ERA5 archive 1990-2020
P0,2011,12,9.093286491592316,448.45267666467157,10.502827362524382,744,ERA5 archive 1990-2020
LPI,2011,12,9.22327293351684,490.8017927729,11.325924206446771,744,ERA5 archive 1990-2020
P0,2012,1,7.682929336285602,288.00313924150174,9.422886307509117,744,ERA5 archive 1990-2020
LPI,2012,1,8.567617447500911,391.4868434280621,10.491862931341533,744,ERA5 archive 1990-2020
P0,2012,2,6.853404003129038,248.29570073383954,10.114829627467959,696,ERA5 archive 1990-2020
LPI,2012,2,7.970826653475807,347.5177162077423,10.792510210257216,696,ERA5 archive 1990-2020
P0,2012,3,6.463809990042111,172.29294878237567,8.113735316432733,744,ERA5 archive 1990-2020
LPI,2012,3,7.797091522377341,305.0809254745303,9.842105123153244,744,ERA5 archive 1990-2020
P0,2012,4,6.492491206032155,173.9243629363576,8.030088668861142,720,ERA5 archive 1990-2020
LPI,2012,4,7.945172657246797,324.39072879002777,10.047015832925652,720,ERA5 archive 1990-2020
P0,2012,5,7.325735303119592,246.8708981965013,8.879729229773472,744,ERA5 archive 1990-2020
LPI,2012,5,8.52359258166399,396.59986571030726,10.690785935500786,744,ERA5 archive 1990-2020
P0,2012,6,6.972112920558943,220.89901121000744,8.797607047365158,720,ERA5 archive 1990-2020
LPI,2012,6,7.989816866608737,324.2843501919292,9.905406672063185,720,ERA5 archive 1990-2020
P0,2012,7,7.73511441929864,295.61275731653,9.670324379344994,744,ERA5 archive 1990-2020
LPI,2012,7,8.836959714329591,441.79777066305195,11.072452562273735,744,ERA5 archive 1990-2020
P0,2012,8,7.934857995482191,322.47340834626954,9.953945856580024,744,ERA5 archive 1990-2020
LPI,2012,8,9.42595010665151,543.7314669151384,12.180027770980786,744,ERA5 archive 1990-2020
P0,2012,9,9.202523447619514,479.8647306569033,11.05578068386386,720,ERA5 archive 1990-2020
LPI,2012,9,9.89548294666617,624.6440567479877,12.64523232378957,720,ERA5 archive 1990-2020
P0,2012,10,9.833508014867903,586.3723585770196,11.82947724217986,744,ERA5 archive 1990-2020
LPI,2012,10,10.240520972357345,681.6115361700482,12.863120165642782,744,ERA5 archive 1990-2020
P0,2012,11,8.567347020524853,379.0763890682118,10.110361340778185,720,ERA5 archive 1990-2020
LPI,2012,11,9.129232976535986,480.7376104186442,11.330791489436995,720,ERA5 archive 1990-2020
P0,2012,12,8.447657691878817,363.82239108558565,9.841000730167924,744,ERA5 archive 1990-2020
LPI,2012,12,9.168925190330821,486.1576687171586,11.374632614253034,744,ERA5 archive 1990-2020
P0,2013,1,6.899578254011394,216.99793279646883,8.75235326144869,744,ERA5 archive 1990-2020
LPI,2013,1,8.526827682999077,401.0662511673181,10.820135957220296,744,ERA5 archive 1990-2020
P0,2013,2,7.607691770142181,280.62624115595713,9.258347615996616,672,ERA5 archive 1990-2020
LPI,2013,2,8.863283249903878,460.54171105720553,11.679702349651109,672,ERA5 archive 1990-2020
P0,2013,3,6.773946468861667,214.23822949481325,9.02068727209262,744,ERA5 archive 1990-2020
LPI,2013,3,7.99673711391503,345.32912218929783,10.607988237787747,744,ERA5 archive 1990-2020
P0,2013,4,5.091347468894223,97.38441816444933,7.151421723716392,720,ERA5 archive 1990-2020
LPI,2013,4,6.457059848305221,189.82698177485037,8.91046913470643,720,ERA5 archive 1990-2020
P0,2013,5,5.888050627302713,136.2715618978573,7.645837124218998,744,ERA5 archive 1990-2020
LPI,2013,5,7.136539303188385,244.13993521719718,9.160109028044378,744,ERA5 archive 1990-2020
P0,2013,6,6.365295198971045,168.30012168464484,8.142518620662843,720,ERA5 archive 1990-2020
LPI,2013,6,7.450979505332376,262.78020420196026,9.189870072495967,720,ERA5 archive 1990-2020
P0,2013,7,6.612648136183264,196.5438758625288,8.714424242642309,744,ERA5 archive 1990-2020
LPI,2013,7,7.783487014160762,301.1176444981225,9.879645580685576,744,ERA5 archive 1990-2020
P0,2013,8,8.194467783722548,344.216260889858,10.074271571333222,744,ERA5 archive 1990-2020
LPI,2013,8,9.077892648737086,479.47980392549835,11.626324521841653,744,ERA5 archive 1990-2020
P0,2013,9,9.45558271695692,531.6798751309269,11.725601041204841,720,ERA5 archive 1990-2020
LPI,2013,9,9.73326124866842,579.2654582838159,12.13588667981467,720,ERA5 archive 1990-2020
P0,2013,11,9.13848566627883,475.3749172060124,11.15672351700242,720,ERA5 archive 1990-2020
LPI,2013,11,9.614105231650568,555.2426782582156,11.804605485595737,720,ERA5 archive 1990-2020
P0,2013,12,8.71537127769664,410.1281854636529,10.641986076547743,744,ERA5 archive 1990-2020
LPI,2013,12,8.703324911218292,410.16619914417345,10.590265967285346,744,ERA5 archive 1990-2020
P0,2014,1,7.081592821317027,235.80298972190266,9.181874835638535,744,ERA5 archive 1990-2020
LPI,2014,1,8.436994397286874,387.7106869831002,10.669483188720964,744,ERA5 archive 1990-2020
P0,2014,2,6.76225943982652,198.6075218172515,8.42576998321574,672,ERA5 archive 1990-2020
LPI,2014,2,7.605070372478846,286.1476048989173,9.722400348346007,672,ERA5 archive 1990-2020
P0,2014,3,6.283688177755978,162.79573004842155,8.177099102951095,744,ERA5 archive 1990-2020
LPI,2014,3,6.839365422384969,209.62526223485554,8.67202904887401,744,ERA5 archive 1990-2020
P0,2014,4,5.391098688251689,107.4192656458448,7.0996630003686185,720,ERA5 archive 1990-2020
LPI,2014,4,6.103613452112778,157.83968712049776,8.28620843614624,720,ERA5 archive 1990-2020
P0,2014,5,4.7456914407809085,76.02895568678733,6.461051975193383,744,ERA5 archive 1990-2020
LPI,2014,5,5.935407071893536,145.30985913597513,7.852333948474902,744,ERA5 archive 1990-2020
P0,2014,6,6.527841826698354,195.8036672822909,8.79601833069745,720,ERA5 archive 1990-2020
LPI,2014,6,7.695416900900404,288.46696917189075,9.430085213323082,720,ERA5 archive 1990-2020
P0,2014,8,8.140502463780326,356.2643714514897,10.48246528406888,744,ERA5 archive 1990-2020
LPI,2014,8,9.426038411098943,536.7339100658261,11.99399580203624,744,ERA5 archive 1990-2020
P0,2014,9,9.100408760593112,471.6430211947133,11.220833432920555,720,ERA5 archive 1990-2020
LPI,2014,9,9.483028015089232,541.6550433125718,11.999034225360777,720,ERA5 archive 1990-2020
P0,2014,10,9.231508369733989,497.86682306474233,11.508209035155186,744,ERA5 archive 1990-2020
LPI,2014,10,10.021414347381343,628.511002091509,12.28941348266753,744,ERA5 archive 1990-2020
P0,2014,11,8.880592322294419,449.49259652041354,10.968210810318142,720,ERA5 archive 1990-2020
LPI,2014,11,9.245052806205571,500.1873910792564,11.4651608060529,720,ERA5 archive 1990-2020
P0,2014,12,8.987015744858954,442.3781745824893,10.600578474035347,744,ERA5 archive 1990-2020
LPI,2014,12,9.186782267188955,478.8426199688522,11.120750384144502,744,ERA5 archive 1990-2020
P0,2015,1,8.070490013888591,325.9673399613778,9.631721046855068,744,ERA5 archive 1990-2020
LPI,2015,1,8.879821877381694,445.3561971448958,11.185463616204533,744,ERA5 archive 1990-2020
P0,2015,2,6.79063788906963,218.46036365297923,8.96912645520292,672,ERA5 archive 1990-2020
LPI,2015,2,7.663361220089293,307.5152838854177,10.201689703620087,672,ERA5 archive 1990-2020
P0,2015,3,5.564402974958532,133.39422065321224,8.042629963666421,744,ERA5 archive 1990-2020
LPI,2015,3,6.476516043161883,197.2936773254948,9.055488300729847,744,ERA5 archive 1990-2020
P0,2015,4,5.859965137675907,139.68178588928117,7.696639197540942,720,ERA5 archive 1990-2020
LPI,2015,4,6.162642790144097,169.0124372599326,8.427399279449755,720,ERA5 archive 1990-2020
P0,2015,5,6.650579779400291,184.35350660630914,8.01274229710675,744,ERA5 archive 1990-2020
LPI,2015,5,8.072727984160489,334.30708801705595,10.101814134513564,744,ERA5 archive 1990-2020
P0,2015,6,6.7684248646901555,200.78001227566665,8.58164883880567,720,ERA5 archive 1990-2020
LPI,2015,6,7.981722468737833,322.411569170487,9.842854045410432,720,ERA5 archive 1990-2020
P0,2015,7,7.737660106654207,288.86805183652416,9.434328477614121,744,ERA5 archive 1990-2020
LPI,2015,7,8.470118346825508,375.8702884207374,10.167308870016711,744,ERA5 archive 1990-2020
P0,2015,8,8.241954157895119,357.4618000385532,10.368634769011003,744,ERA5 archive 1990-2020
LPI,2015,8,9.80797141214541,593.0332638119613,12.259291920214055,744,ERA5 archive 1990-2020
P0,2015,9,9.554253549411955,538.596373040828,11.52023356006507,720,ERA5 archive 1990-2020
LPI,2015,9,9.99847350739396,621.5065795817653,12.180075527671393,720,ERA5 archive 1990-2020
P0,2015,10,9.696867482557822,561.6508255445597,11.72926724916177,744,ERA5 archive 1990-2020
LPI,2015,10,10.103456031084336,652.5683936563439,12.644300901285508,744,ERA5 archive 1990-2020
P0,2015,11,9.185269295089554,466.7186936742416,10.705978445454669,720,ERA5 archive 1990-2020
LPI,2015,11,9.167887962006638,484.31303696598934,11.357511254268395,720,ERA5 archive 1990-2020
P0,2015,12,9.169040844515086,466.8923734985604,10.739656874874786,744,ERA5 archive 1990-2020
LPI,2015,12,8.780427316527302,432.5185167821505,11.101660312339426,744,ERA5 archive 1990-2020
P0,2016,1,6.587522488027345,184.6046149558905,8.267235118879348,744,ERA5 archive 1990-2020
LPI,2016,1,6.21835114921865,163.9157620227571,8.26030327035822,744,ERA5 archive 1990-2020
P0,2016,2,7.1289155504229695,224.8997873413436,8.600462631172512,696,ERA5 archive 1990-2020
LPI,2016,2,7.06425870521927,232.83186800841935,9.136967570778157,696,ERA5 archive 1990-2020
P0,2016,3,6.0521718379823195,143.47939287612868,7.604399647557659,744,ERA5 archive 1990-2020
LPI,2016,3,7.312691227323323,259.81696079584987,9.54349677287058,744,ERA5 archive 1990-2020
P0,2016,4,6.274314855039193,178.70931239227198,8.480358195243088,720,ERA5 archive 1990-2020
LPI,2016,4,7.41557038113337,283.8958613020119,9.843446936412818,720,ERA5 archive 1990-2020
P0,2016,5,6.453838947282046,172.10951359806495,7.893424444034803,744,ERA5 archive 1990-2020
LPI,2016,5,7.094055659605336,236.33310498573027,9.170903586235085,744,ERA5 archive 1990-2020
P0,2016,6,6.36712145327814,174.89977413401715,8.46099897243471,720,ERA5 archive 1990-2020
LPI,2016,6,7.977155363732785,334.0571447205533,10.314080182375015,720,ERA5 archive 1990-2020
P0,2016,7,6.869218487976439,209.47116066314393,8.635016409951051,744,ERA5 archive 1990-2020
LPI,2016,7,8.804295904004999,447.1726467605246,11.311107370603125,744,ERA5 archive 1990-2020
P0,2016,8,8.316765424046284,358.6766390466486,10.123838361535565,744,ERA5 archive 1990-2020
LPI,2016,8,9.471772790959797,547.5147664543385,12.060887420780885,744,ERA5 archive 1990-2020
P0,2016,9,9.013564738635639,456.21870111193164,11.209044664380318,720,ERA5 archive 1990-2020
LPI,2016,9,9.709180379412922,587.6510121623041,12.315810414466316,720,ERA5 archive 1990-2020
P0,2016,10,9.38628059403792,520.2775167771488,11.526248543212354,744,ERA5 archive 1990-2020
LPI,2016,10,10.055355890845945,647.182810773186,12.653524996106105,744,ERA5 archive 1990-2020
P0,2016,11,9.615799571742729,545.4624092724354,11.609692573478888,720,ERA5 archive 1990-2020
LPI,2016,11,9.857872500738248,600.1947550293066,12.099775480373143,720,ERA5 archive 1990-2020
P0,2016,12,7.70648752020103,293.2686968648136,9.398000111040657,744,ERA5 archive 1990-2020
LPI,2016,12,8.767871933842935,429.1034034570809,10.874414016686107,744,ERA5 archive 1990-2020
P0,2017,1,6.664659176885604,202.59357413416683,8.791176805715534,744,ERA5 archive 1990-2020
LPI,2017,1,8.153313414094992,351.49189523555725,10.353119089342893,744,ERA5 archive 1990-2020
P0,2017,2,5.842359893840609,152.67797003277167,8.099399048392833,672,ERA5 archive 1990-2020
LPI,2017,2,6.930541890755007,240.08917676726998,9.438797319145332,672,ERA5 archive 1990-2020
P0,2017,4,5.396530538141535,107.76164315809416,7.19085133021698,720,ERA5 archive 1990-2020
LPI,2017,4,6.469836842688066,184.23053959521224,8.391306912346487,720,ERA5 archive 1990-2020
P0,2017,5,5.818500082395894,141.4704401890287,7.8307182415530034,744,ERA5 archive 1990-2020
LPI,2017,5,6.626043181735411,201.7538630567813,8.749624412966007,744,ERA5 archive 1990-2020
P0,2017,6,5.921546279730822,145.0450714374551,8.040550027817856,720,ERA5 archive 1990-2020
LPI,2017,6,7.444434112894115,266.64882616503405,9.290022827644902,720,ERA5 archive 1990-2020
P0,2017,7,4.8433071372875265,93.67515239310002,7.099203670864211,744,ERA5 archive 1990-2020
LPI,2017,7,7.63272724976909,294.53824296482907,9.739755091835306,744,ERA5 archive 1990-2020
P0,2017,8,7.781795506583021,297.2679530368068,9.586848313503758,744,ERA5 archive 1990-2020
LPI,2017,8,8.657986341180893,427.29316583811413,11.331198594216698,744,ERA5 archive 1990-2020
P0,2017,9,8.625056951839246,409.9594138700368,10.880978004487098,720,ERA5 archive 1990-2020
LPI,2017,9,9.68104245869838,581.4868795557255,12.215685968323326,720,ERA5 archive 1990-2020
P0,2017,10,9.942647427801825,602.5195272021161,11.884050782920394,744,ERA5 archive 1990-2020
LPI,2017,10,9.887341317755885,612.2034827281881,12.306625234660562,744,ERA5 archive 1990-2020
P0,2017,11,9.211030679143837,473.9918590447248,10.899770887587433,720,ERA5 archive 1990-2020
LPI,2017,11,9.673129824979739,556.9098769013686,11.687162162314625,720,ERA5 archive 1990-2020
P0,2017,12,8.341418849269715,365.24354002665984,10.574536905965449,744,ERA5 archive 1990-2020
LPI,2017,12,8.475750223894444,385.9498592860578,10.636870823653938,744,ERA5 archive 1990-2020
P0,2018,1,6.889349519072304,208.27209627008597,8.430577584727997,744,ERA5 archive 1990-2020
LPI,2018,1,7.560863482825744,284.64275924328996,9.76613704438066,744,ERA5 archive 1990-2020
P0,2018,2,4.5819895769250225,90.80812179153867,7.542114223985227,672,ERA5 archive 1990-2020
LPI,2018,2,5.593846032523176,143.31570532727412,8.394411738425685,672,ERA5 archive 1990-2020
P0,2018,3,5.81733976935264,136.22586716527306,7.621194101662635,744,ERA5 archive 1990-2020
LPI,2018,3,6.107036026818788,158.68710457361288,8.205045789779232,744,ERA5 archive 1990-2020
P0,2018,4,4.445911989415791,76.51988043080804,6.894507798781074,720,ERA5 archive 1990-2020
LPI,2018,4,4.9522423986950885,95.57146443493625,7.216085744205191,720,ERA5 archive 1990-2020
P0,2018,5,4.741881534680796,83.63119532147375,6.984672310991444,744,ERA5 archive 1990-2020
LPI,2018,5,5.922413204736615,149.10588260009257,8.015007947317594,744,ERA5 archive 1990-2020
P0,2018,6,6.441807974082679,174.19354630329886,8.214360789361605,720,ERA5 archive 1990-2020
LPI,2018,6,7.659253062513627,297.1179582161348,9.848537535798602,720,ERA5 archive 1990-2020
P0,2018,7,6.729671860589765,212.80694094624354,9.082446151524959,744,ERA5 archive 1990-2020
LPI,2018,7,7.873698449535928,336.5412385364692,10.392704830941208,744,ERA5 archive 1990-2020
P0,2018,8,8.047662835025577,321.9608540367664,9.632380137612403,744,ERA5 archive 1990-2020
LPI,2018,8,8.972692330409897,471.5274385837274,11.451448365927583,744,ERA5 archive 1990-2020
P0,2018,9,9.25440583602285,494.8547361669508,11.412719036505827,720,ERA5 archive 1990-2020
LPI,2018,9,9.836691482203326,607.0196952716265,12.369892492537428,720,ERA5 archive 1990-2020
P0,2018,10,8.71157712321025,404.7266842011997,10.270756573454808,744,ERA5 archive 1990-2020
LPI,2018,10,9.383203026211714,536.3794414421288,11.990640452413563,744,ERA5 archive 1990-2020
P0,2018,11,8.852313048134095,425.2870844287479,10.501684011981354,720,ERA5 archive 1990-2020
LPI,2018,11,9.50246862229609,540.8476084734265,11.82381964647794,720,ERA5 archive 1990-2020
P0,2018,12,5.926551731916909,153.94163785960706,8.198358063036258,744,ERA5 archive 1990-2020
LPI,2018,12,7.680842416851205,308.00359100338085,10.290843295402992,744,ERA5 archive 1990-2020
P0,2019,2,5.424364640611261,107.18232399410581,7.142883347885467,672,ERA5 archive 1990-2020
LPI,2019,2,5.515619798301775,131.56639197138944,8.094094721276875,672,ERA5 archive 1990-2020
P0,2019,3,4.861356445379296,80.99891612867563,6.5613680996386625,744,ERA5 archive 1990-2020
LPI,2019,3,4.630060666729228,83.22968242321322,6.88347577551856,744,ERA5 archive 1990-2020
P0,2019,4,4.592733514407233,72.94950937946948,6.416870328620435,720,ERA5 archive 1990-2020
LPI,2019,4,5.177995656767095,99.4337110088466,7.102140605212906,720,ERA5 archive 1990-2020
P0,2019,5,5.934039213792088,138.1113309614605,7.45441456409545,744,ERA5 archive 1990-2020
LPI,2019,5,6.67088938429376,197.33752521914948,8.596327199248103,744,ERA5 archive 1990-2020
P0,2019,6,6.208189414020901,153.76396791829967,7.813873074540125,720,ERA5 archive 1990-2020
LPI,2019,6,7.453608853387166,275.6139370663397,9.544907732472184,720,ERA5 archive 1990-2020
P0,2019,7,6.49885438055288,176.05682579995545,8.266074117368657,744,ERA5 archive 1990-2020
LPI,2019,7,7.965569363095581,318.0009327490519,9.830120470001951,744,ERA5 archive 1990-2020
P0,2019,8,7.748955639769254,297.3528418602724,9.644303585349903,744,ERA5 archive 1990-2020
LPI,2019,8,9.160966701066197,491.66116955460325,11.445268583867907,744,ERA5 archive 1990-2020
P0,2019,9,8.824485772257733,430.67469796213646,10.85247262325013,720,ERA5 archive 1990-2020
LPI,2019,9,9.746147983406912,587.2191298627614,12.042085040004615,720,ERA5 archive 1990-2020
P0,2019,10,8.810841141907735,439.36415008681706,10.918900179579985,744,ERA5 archive 1990-2020
LPI,2019,10,9.616990235046318,588.698567902575,12.546187313113553,744,ERA5 archive 1990-2020
P0,2019,11,8.206627715311981,334.61006056355626,9.685070348851305,720,ERA5 archive 1990-2020
LPI,2019,11,9.260447080892249,515.802295201469,11.818974922908573,720,ERA5 archive 1990-2020
P0,2019,12,8.248297188533229,352.8744970932052,10.211426262443545,744,ERA5 archive 1990-2020
LPI,2019,12,8.735993453271028,441.7661354566563,11.297794230557882,744,ERA5 archive 1990-2020
P0,2020,1,5.452666083083505,109.62769197325257,6.993546447981788,744,ERA5 archive 1990-2020
LPI,2020,1,6.637016525293251,202.33523800800864,8.734464273594378,744,ERA5 archive 1990-2020
P0,2020,2,4.794183191864161,79.77860269944284,6.522188078810735,696,ERA5 archive 1990-2020
LPI,2020,2,5.918014634477462,149.28126121409034,8.079417766084848,696,ERA5 archive 1990-2020
P0,2020,3,3.9034136552063976,48.80986102395271,5.857020886468264,744,ERA5 archive 1990-2020
LPI,2020,3,4.326230819032557,68.95837591534553,6.4704743724481055,744,ERA5 archive 1990-2020
P0,2020,4,4.428185648843173,77.77185372431639,6.925594055016574,720,ERA5 archive 1990-2020
LPI,2020,4,5.627452024160265,128.24577492402852,7.610548992934957,720,ERA5 archive 1990-2020
P0,2020,6,5.741390028820696,132.91355721615236,7.8252028589257385,720,ERA5 archive 1990-2020
LPI,2020,6,6.90771042269916,222.99185093171613,8.905231584510293,720,ERA5 archive 1990-2020
P0,2020,7,6.208406625239147,166.31194180457038,8.42810615807297,744,ERA5 archive 1990-2020
LPI,2020,7,7.88080110644714,322.7331017557416,10.09223391799368,744,ERA5 archive 1990-2020
P0,2020,8,7.558967508770803,301.71387372385504,10.464333036956084,744,ERA5 archive 1990-2020
LPI,2020,8,9.130485252591996,501.749707350936,11.87426539179433,744,ERA5 archive 1990-2020
P0,2020,9,8.85371100693708,425.4309746539327,10.429899083852598,720,ERA5 archive 1990-2020
LPI,2020,9,9.537996681197646,555.3337321580267,11.974198484120224,720,ERA5 archive 1990-2020
P0,2020,10,8.855666515144335,428.05299326949904,10.59040471040463,744,ERA5 archive 1990-2020
LPI,2020,10,9.024161886009582,479.5089823389057,11.71511278603827,744,ERA5 archive 1990-2020
P0,2020,11,7.834434692243684,308.87461013190534,9.90033623126053,720,ERA5 archive 1990-2020
LPI,2020,11,8.959612619288652,460.43164383374955,11.42188488568671,720,ERA5 archive 1990-2020
P0,2020,12,8.359359547824049,354.1533548544646,9.746044899427314,744,ERA5 archive 1990-2020
LPI,2020,12,9.19309929010849,490.65217932079827,11.482203826057447,744,ERA5 archive 1990-2020
P0,2021,11,7.309809947170068,243.06377047136073,8.909374377886103,721,simulated period 2021
LPI,2021,11,8.729291073017574,426.18007485528545,11.050881902252545,721,simulated period 2021
P0,2022,10,9.246022043662235,489.61995633093517,11.16249378081936,745,simulated period 2022
LPI,2022,10,9.743228371690385,593.887348942953,12.404586036490944,745,simulated period 2022
