experiment,period,site,height_m,n,rmse,rmse_lo,rmse_hi,bias,r,wpd_rel_bias_pct,diurnal_phase_error_h,diurnal_amp_bias,window_start,window_end
CTL,2021,P0,50,507,2.1838353706984797,1.9707810260987875,2.430537258562827,-1.1733156025727902,0.4040522921119255,-37.1336052387494,5.0,-1.6933523361841845,2021-11-09 14:00:00,2021-12-01 00:00:00
EXP01,2021,P0,50,507,2.631269557576043,2.4037862708069784,2.8859011047168845,-1.7963625669209757,0.41588699392364453,-47.89698744937543,2.0,-0.110503078851246,2021-11-09 14:00:00,2021-12-01 00:00:00
CTL,2021,P0,100,507,2.1776911285401823,1.9544627438602211,2.437895238332773,-1.2364630571076756,0.4222681188668908,-36.90340545161761,5.0,-1.3223588019688925,2021-11-09 14:00:00,2021-12-01 00:00:00
EXP01,2021,P0,100,507,2.2550577424503553,2.087099525727561,2.4588991677351784,-1.2842151431000108,0.4599621855954036,-35.209517907035355,3.0,-0.14854561198345984,2021-11-09 14:00:00,2021-12-01 00:00:00
ERA5,2021,P0,100,507,2.4918691597701,2.2654672731020904,2.783435395890536,-1.8961199430807067,0.5314373302494937,-51.35326328033429,0.0,-1.4133001806002188,2021-11-09 14:00:00,2021-12-01 00:00:00
CTL,2021,P0,150,507,2.136619766345109,1.9198558664144625,2.3970251845462305,-1.2681754512165235,0.4363546956314345,-36.30069568526224,5.0,-0.7258681484676552,2021-11-09 14:00:00,2021-12-01 00:00:00
EXP01,2021,P0,150,507,2.020842526647008,1.8666177272414228,2.199654330462932,-1.0404502590468223,0.4969192337312317,-28.78507921454529,4.0,0.04736961012340579,2021-11-09 14:00:00,2021-12-01 00:00:00
CTL,2021,P0,200,503,2.122679812343272,1.9196492312435354,2.3671887047385343,-1.281665365743127,0.43237818901252373,-35.43792728220469,5.0,-0.20327301990059699,2021-11-09 14:00:00,2021-12-01 00:00:00
EXP01,2021,P0,200,503,1.8762297885300563,1.726483126143818,2.0311879091069502,-0.9196080614556014,0.5256219859026047,-25.343570451743695,4.0,0.08444667200456557,2021-11-09 14:00:00,2021-12-01 00:00:00
CTL,2022,LPI,50,740,2.4170918702885182,2.122636355495457,2.6813132788659315,-1.1643794706232666,0.6759707924851092,-25.883376241638647,1.0,1.0466051819243196,2022-10-01 00:00:00,2022-10-31 21:00:00
EXP01,2022,LPI,50,740,3.1604990221547293,2.8032212725572916,3.4620694423437888,-1.7622845116993084,0.5646097469882846,-33.724495435763636,1.0,2.2472538711943377,2022-10-01 00:00:00,2022-10-31 21:00:00
CTL,2022,LPI,100,740,2.3096205552538516,2.0356349961027043,2.5521741594514005,-0.9632790967185708,0.7110910080515025,-21.40696958010603,0.0,1.0095676500481563,2022-10-01 00:00:00,2022-10-31 21:00:00
EXP01,2022,LPI,100,740,2.56179387274826,2.252103596693619,2.8337227557518405,-0.9988439678106712,0.6479678457493915,-21.083216808504826,1.0,1.2082791724684032,2022-10-01 00:00:00,2022-10-31 21:00:00
ERA5,2022,LPI,100,740,2.4654514752038157,2.240943006418076,2.6593220377658904,-1.9033311048057593,0.8451983434808219,-44.410851211619324,1.0,-1.1713059293041184,2022-10-01 00:00:00,2022-10-31 21:00:00
CTL,2022,LPI,150,740,2.119168003071389,1.8827546701693274,2.327158208776143,-0.7047671219755784,0.7474939876004,-16.137686516650536,0.0,0.6958902515001206,2022-10-01 00:00:00,2022-10-31 21:00:00
EXP01,2022,LPI,150,740,2.048340173674763,1.8372970499859942,2.2414649792059747,-0.40376393649716175,0.7436464922338036,-10.19495437337485,1.0,0.7460936533117817,2022-10-01 00:00:00,2022-10-31 21:00:00
CTL,2022,LPI,200,740,1.9235142726434469,1.715519131141153,2.1151600595715108,-0.45346892541828915,0.7860449593914005,-10.883250097067835,0.0,0.8379301136175048,2022-10-01 00:00:00,2022-10-31 21:00:00
EXP01,2022,LPI,200,740,1.849200459399297,1.698362490965213,2.004088725023189,-0.0382335226409009,0.7923505820173643,-1.933319922941558,1.0,0.8793354191722926,2022-10-01 00:00:00,2022-10-31 21:00:00
