station,name,period,lat,lon,kind,n_hours,n_days,hours_per_day,start,end
82288099999,PARNAIBA / Joao Silva Filho,2021,-2.894,-41.732,synop_airport,298,41,7.3,2021-10-21 14:00:00,2021-11-30 20:00:00
82288099999,PARNAIBA / Joao Silva Filho,2022,-2.894,-41.732,synop_airport,525,41,12.8,2022-09-21 10:00:00,2022-10-31 22:00:00
81715099999,SAO LUIS (INMET A),2021,-2.533,-44.217,inmet_auto,918,42,21.9,2021-10-21 00:00:00,2021-12-01 00:00:00
81715099999,SAO LUIS (INMET A),2022,-2.533,-44.217,inmet_auto,863,42,20.5,2022-09-21 00:00:00,2022-11-01 00:00:00
82281099999,SAO LUIS / Cunha Machado,2021,-2.585,-44.234,synop_airport,985,42,23.5,2021-10-21 00:00:00,2021-12-01 00:00:00
82281099999,SAO LUIS / Cunha Machado,2022,-2.585,-44.234,synop_airport,969,42,23.1,2022-09-21 00:00:00,2022-11-01 00:00:00
81758099999,FORTALEZA (INMET A),2021,-3.8,-38.533,inmet_auto,441,41,10.8,2021-10-21 10:00:00,2021-12-01 00:00:00
81758099999,FORTALEZA (INMET A),2022,-3.8,-38.533,inmet_auto,903,42,21.5,2022-09-21 00:00:00,2022-11-01 00:00:00
82398099999,FORTALEZA / Pinto Martins,2021,-3.776,-38.533,synop_airport,985,42,23.5,2021-10-21 00:00:00,2021-12-01 00:00:00
82398099999,FORTALEZA / Pinto Martins,2022,-3.776,-38.533,synop_airport,969,42,23.1,2022-09-21 00:00:00,2022-11-01 00:00:00
81798099999,JAGUARUANA (INMET A),2021,-4.783,-37.783,inmet_auto,984,42,23.4,2021-10-21 00:00:00,2021-12-01 00:00:00
82591099999,MOSSORO / Dix-Sept Rosado,2021,-5.202,-37.364,synop_airport,413,41,10.1,2021-10-21 14:00:00,2021-11-30 23:00:00
82591099999,MOSSORO / Dix-Sept Rosado,2022,-5.202,-37.364,synop_airport,309,31,10.0,2022-09-21 12:00:00,2022-10-31 21:00:00
81835099999,APODI (INMET A),2022,-5.627,-37.832,inmet_auto,901,42,21.5,2022-09-21 00:00:00,2022-11-01 00:00:00
