experiment,period,window_start,window_end,n_hours_model,n_hours_era5,domain_mean_speed_mpas,domain_mean_speed_era5,domain_mean_speed_diff,domain_mean_wpd_mpas,domain_mean_wpd_era5,domain_wpd_rel_diff_pct,spatial_sd_mpas,spatial_sd_era5
CTL,2021,2021-11-01 00:00:00,2021-12-01 00:00:00,721,721,6.833363990455179,6.6330929587939265,0.20027103166125268,240.7138744911105,219.97037727858645,9.430132124678298,1.450472632620564,1.6640302894004597
CTL,2022,2022-10-01 00:00:00,2022-11-01 00:00:00,745,745,8.877077596447544,8.214933121572244,0.6621444748752987,497.22183299212674,403.5425137320193,23.21423792347121,1.8226588314532737,2.0386648578687816
EXP01,2021,2021-11-01 00:00:00,2021-12-01 00:00:00,721,721,6.954768867758141,6.6330929587939265,0.32167590896421544,252.62683844556645,219.97037727858645,14.84584495921534,1.5102908326075635,1.6640302894004597
EXP01,2022,2022-10-01 00:00:00,2022-11-01 00:00:00,745,745,8.972799694198958,8.214933121572244,0.7578665726267128,512.9547136559229,403.5425137320193,27.11293016243662,1.8738491508897557,2.0386648578687816
EXP02,2021,2021-11-01 00:00:00,2021-12-01 00:00:00,721,721,6.605100967464214,6.162563124114291,0.442537843349924,222.35468259749004,190.37962719488016,16.79541864523085,1.5040975868270423,1.9132007984112998
EXP02,2022,2022-10-01 00:00:00,2022-11-01 00:00:00,745,745,8.576246891390682,7.7306902032014175,0.8455566881892636,451.5189066177656,351.1371322241112,28.587627220691175,1.6340855779358952,2.1521140596482575
EXP01_BADSST,2021,2021-11-01 00:00:00,2021-12-01 00:00:00,721,721,6.903118483704785,6.6330929587939265,0.27002552491085885,249.49281053159245,219.97037727858645,13.421094975718775,1.501889979404047,1.6640302894004597
EXP01_BADSST,2022,2022-10-01 00:00:00,2022-11-01 00:00:00,745,745,8.952870984045306,8.214933121572244,0.7379378624730605,512.197148509556,403.5425137320193,26.925201454657888,1.8730437101612487,2.0386648578687816
EXP02_BADSST,2021,2021-11-01 00:00:00,2021-12-01 00:00:00,721,721,6.4984803758397325,6.162563124114291,0.335917251725441,214.41338638521333,190.37962719488016,12.62412346554879,1.4829594098382541,1.9132007984112998
EXP02_BADSST,2022,2022-10-01 00:00:00,2022-11-01 00:00:00,745,745,8.504607805064657,7.7306902032014175,0.7739176018632395,443.754424140016,351.1371322241112,26.37638785999777,1.6281944996386106,2.1521140596482575
