experiment,period,site,height_m,window_start,window_end,n,obs_mean,model_mean,bias,mae,rmse,crmse,r,std_obs,std_model,std_ratio,ioa,mse,mse_dissipative,mse_dispersive,obs_wpd,model_wpd,wpd_bias,wpd_rel_bias_pct,obs_weibull_A,obs_weibull_k,model_weibull_A,model_weibull_k,speed_rel_bias_pct,p90_obs,p90_model,diurnal_rmse,diurnal_amp_obs,diurnal_amp_model,diurnal_amp_bias,diurnal_peak_hour_obs,diurnal_peak_hour_model,diurnal_phase_error_h,n_dir,dir_bias,dir_mae,dir_obs_mean,dir_model_mean,era5_skill_score,era5_rmse,era5_bias
CTL,2021,P0,50,2021-11-09 14:00:00,2021-12-01 00:00:00,507,9.155025969756739,7.981710367183949,-1.1733156025727902,1.7959585504529174,2.1838353706984797,1.8418652021993942,0.4040522921119255,1.9550214648331865,1.230781590960641,0.6295488888996205,0.5751489300000027,4.769136926313766,0.5245233949069207,2.8679440281660957,497.9731954888389,313.0577948812276,-184.91540060761128,-37.1336052387494,9.893536411523126,5.640166980269905,8.503571683631499,7.155375592831518,-12.816081641371543,11.395428571428575,9.739935302734375,1.4279395292861314,2.962510714285715,1.2691583781015305,-1.6933523361841845,8,13,5.0,505,-21.87075713290965,24.71948552725721,81.30382583336412,59.23624976648781,,,
CTL,2021,P0,100,2021-11-09 14:00:00,2021-12-01 00:00:00,507,9.45176768103691,8.215304623929237,-1.2364630571076756,1.7829133309398086,2.1776911285401823,1.7926231505061383,0.4222681188668908,1.9062750285574581,1.2820048088000446,0.6725182828262617,0.5841434832329064,4.742338651322612,0.3897133072759693,2.8237844524545817,541.9124490905107,341.9283008098487,-199.984148280662,-36.90340545161761,10.188139603908526,5.827513076271224,8.758685997378665,7.061061760932037,-13.081818119465533,11.679885714285714,10.06043300628662,1.4754321202088219,2.621853571428571,1.2994947694596783,-1.3223588019688925,8,13,5.0,505,-21.433872574820562,23.931357917561293,81.10395484203063,59.474675249485,0.2362660553838728,2.4918691597701,-1.8961199430807067
CTL,2021,P0,150,2021-11-09 14:00:00,2021-12-01 00:00:00,507,9.606903822673054,8.33872837145653,-1.2681754512165235,1.75390336935395,2.136619766345109,1.7195566436929017,0.4363546956314345,1.8206772871716683,1.317125105608837,0.7234259002895156,0.5916172714068231,4.56514402593663,0.25356479955668654,2.7033102513117084,562.4456478795989,358.2739648478241,-204.17168303177482,-36.30069568526224,10.32243699289572,6.102239429245304,8.898507655619873,6.91312977178921,-13.200667713811502,11.789428571428571,10.2216459274292,1.5024539181360739,2.130153571428572,1.4042854229609167,-0.7258681484676552,8,13,5.0,506,-21.320085446028376,23.537096021812932,81.15149471566562,59.65673985136618,,,
CTL,2021,P0,200,2021-11-09 14:00:00,2021-12-01 00:00:00,503,9.747640348385875,8.465974982642749,-1.281665365743127,1.7506241771382363,2.122679812343272,1.6920707656549725,0.43237818901252373,1.755274794122253,1.3573634981653395,0.7733054121842534,0.5915494865450526,4.505769585729668,0.15833339945011043,2.704770076534092,582.3953189126233,376.0064893014038,-206.38882961121953,-35.43792728220469,10.446392356662855,6.3508455520718865,9.046823626354039,6.627952769222281,-13.148467936195033,11.866685714285714,10.386795806884766,1.5626317288416607,1.8085723684210535,1.6052993485204565,-0.20327301990059699,8,13,5.0,503,-21.246178055792534,23.1942074614662,81.31703894490104,59.93282897918036,,,
CTL,2021,P0,250,2021-11-09 14:00:00,2021-12-01 00:00:00,497,9.881752059978922,8.620911690310933,-1.2608403696679882,1.776391766646019,2.1373101063177358,1.7257972223825782,0.4042489083799334,1.7024946360101114,1.4322415441684662,0.8412605325588585,0.5832692982492654,4.568094490567931,0.07303673364996874,2.905339319133452,602.7712803438551,399.55488266884817,-203.21639767500693,-33.71368283490227,10.571338064141512,6.560846359435948,9.23538496988886,6.200890394350035,-12.759279548961665,11.95522857142857,10.666691970825196,1.6245584228427652,1.8295239234449756,1.9158655180966937,0.08634159465171809,8,13,5.0,497,-20.805735578619487,22.612819473955145,81.45193214750249,60.58125985711627,,,
EXP01,2021,P0,50,2021-11-09 14:00:00,2021-12-01 00:00:00,507,9.155025969756739,7.358663402835763,-1.7963625669209757,2.1875107995132956,2.631269557576043,1.9226702818714156,0.41588699392364453,1.9550214648331865,1.544936606827712,0.790240227341716,0.5680463598668918,6.923579484626425,0.16816959076537025,3.52849142202614,497.9731954888389,259.45903654429594,-238.51415894454294,-47.89698744937543,9.893536411523126,5.640166980269905,7.980905831367586,5.244632071255012,-19.62159990430598,11.395428571428575,9.506485176086425,2.0384316514875462,2.962510714285715,2.852007635434469,-0.110503078851246,8,10,2.0,505,-14.968139995680756,20.791709502541316,81.30382583336412,66.11814958544961,,,
EXP01,2021,P0,100,2021-11-09 14:00:00,2021-12-01 00:00:00,507,9.45176768103691,8.167552537936901,-1.2842151431000108,1.8545055154933163,2.2550577424503553,1.8536657972832944,0.4599621855954036,1.9062750285574581,1.6324571651690365,0.8563597281156073,0.6199588516748299,5.085285421785293,0.07497622231060033,3.361100665707313,541.9124490905107,351.10768828753345,-190.80476080297723,-35.209517907035355,10.188139603908526,5.827513076271224,8.834792526250055,5.422323451482519,-13.587036694485539,11.679885714285714,10.389070129394533,1.576780890569061,2.621853571428571,2.473307959445111,-0.14854561198345984,8,11,3.0,505,-16.36757101929068,21.038655085985187,81.10395484203063,64.51194805411437,0.181035902276655,2.4918691597701,-1.8961199430807067
EXP01,2021,P0,150,2021-11-09 14:00:00,2021-12-01 00:00:00,507,9.606903822673054,8.566453563626231,-1.0404502590468223,1.6734593813828016,2.020842526647008,1.7324167443067682,0.4969192337312317,1.8206772871716683,1.615319157774733,0.8872078369715102,0.6524614378579049,4.083804517505062,0.04217196130940843,2.9590958146450537,562.4456478795989,400.5452225986939,-161.90042528090504,-28.78507921454529,10.32243699289572,6.102239429245304,9.239014265823815,5.672427114628526,-10.830234987793652,11.789428571428571,10.932657432556153,1.3301208726499185,2.130153571428572,2.1775231815519778,0.04736961012340579,8,12,4.0,506,-17.419802853490783,21.2420744215164,81.15149471566562,63.549342844414504,,,
EXP01,2021,P0,200,2021-11-09 14:00:00,2021-12-01 00:00:00,503,9.747640348385875,8.828032286930274,-0.9196080614556014,1.5574206769864327,1.8762297885300563,1.635407971325018,0.5256219859026047,1.755274794122253,1.5895298560253717,0.9055732249720112,0.6758711429466188,3.5202382193675397,0.027471384504739047,2.647087848168671,582.3953189126233,434.79555095634527,-147.59976795627807,-25.343570451743695,10.446392356662855,6.3508455520718865,9.500132502058687,5.888615789006744,-9.434160766999172,11.866685714285714,11.17322826385498,1.2149089611517032,1.8085723684210535,1.893019040425619,0.08444667200456557,8,12,4.0,503,-18.2169118039808,21.272354057410904,81.31703894490104,62.96249876130419,,,
EXP01,2021,P0,250,2021-11-09 14:00:00,2021-12-01 00:00:00,497,9.881752059978922,9.035399234510763,-0.8463528254681578,1.4955954851521676,1.7906830208211275,1.5780470765725414,0.5422239446632612,1.7024946360101114,1.5894064136464372,0.9335749905041095,0.6909305591689063,3.2065456810570785,0.012788946037375825,2.4774436298417686,602.7712803438551,464.3469968974428,-138.4242834464123,-22.964644793203682,10.571338064141512,6.560846359435948,9.712515438297515,5.996510133608325,-8.56480531317808,11.95522857142857,11.321637916564942,1.157013693144478,1.8295239234449756,1.686584222884406,-0.1429397005605697,8,12,4.0,497,-18.53794608317425,21.17951723561395,81.45193214750249,62.846032726513016,,,
EXP02,2021,P0,50,2021-11-09 14:00:00,2021-11-16 12:00:00,159,8.074535339922132,6.611989139760815,-1.4625462001613172,2.151299321598191,2.513710461447152,2.0444311914032585,0.3411528689460588,2.065406244542923,1.345153614056861,0.6512779835012773,0.5325726119978367,6.318740283988855,0.5187638517220919,3.660935044660456,357.9735372949715,187.03421290243418,-170.93932439253732,-47.75194437115129,8.815902374240206,4.689297777433103,7.159714225427043,5.316819613760117,-18.113069527731138,10.586,8.157247543334961,1.766640175575513,3.052083333333333,2.645374706813267,-0.4067086265200661,8,15,7.0,157,-11.934964325673215,23.693680880511728,70.91122745765666,58.92885342692511,,,
EXP02,2021,P0,100,2021-11-09 14:00:00,2021-11-16 12:00:00,159,8.437715333932317,7.2229011553638385,-1.2148141785684765,2.011199544749527,2.3611661110331577,2.0246806946875457,0.32546563664796035,1.9892666930268932,1.396654768106601,0.7020952861687105,0.5370977022117747,5.575105403891446,0.35118889355773397,3.74814302188271,398.72757523268007,241.59257967334958,-157.1349955593305,-39.40911171434114,9.16242476339957,5.162509666031667,7.80355559589078,5.3850101965107795,-14.397430234261364,11.085714285714285,9.071305084228516,1.5242667631847706,2.7898571428571435,2.233191104162306,-0.5566660386948374,2,15,-11.0,157,-13.542626080475493,22.6247626420863,70.78365314378969,57.199530747436114,-0.16673846710215057,2.1859477803872207,-1.4503775003210344
EXP02,2021,P0,150,2021-11-09 14:00:00,2021-11-16 12:00:00,159,8.64079365079365,7.481769141910961,-1.1590245088826898,1.9468804368015962,2.2829589351987623,1.9668664641030174,0.3285571191329213,1.9288579358794287,1.3751556436442847,0.7129377535092064,0.5398363900881884,5.211901499803867,0.30658622842645283,3.561977459186653,421.9259463565336,266.0523289421626,-155.87361741437098,-36.9433590800447,9.345555768545681,5.5358690203793195,8.06282980828642,5.525405707126854,-13.413403394678147,11.169428571428572,9.518844985961918,1.4009478765172871,2.419999999999999,1.847410360972086,-0.572589639027913,2,15,-11.0,158,-14.498886180561907,21.6620484288783,70.72878769119134,56.24221517063777,,,
EXP02,2021,P0,200,2021-11-09 14:00:00,2021-11-16 12:00:00,155,8.818885407066052,7.642643319406817,-1.1762420876592352,1.9084098663775422,2.242510567059001,1.9092690210104821,0.3405981125132918,1.8818457271791826,1.3584388054137295,0.7218651273024272,0.5442255898805736,5.028853643371281,0.27395480575198716,3.371353388838338,443.87963007801454,281.9834405152947,-161.89618956271983,-36.47299371098998,9.511181662937544,5.813595228783208,8.222778889019722,5.616475374158126,-13.337763598977954,11.227142857142857,9.54655818939209,1.3887076587525127,2.379316666666668,1.6076662086305156,-0.7716504580361523,8,15,7.0,155,-14.899324852595882,20.941504577187686,70.62236340805923,55.771189329306885,,,
EXP02,2021,P0,250,2021-11-09 14:00:00,2021-11-16 12:00:00,150,8.991040952380953,7.78280268351237,-1.2082382688685827,1.8392985178048267,2.1695137217578084,1.8019295420567554,0.3767472050772376,1.8102520404667783,1.34160705843432,0.7411161697066134,0.5640512949274605,4.706789788895418,0.21962811918420316,3.0273219553526656,465.29736672452805,296.30909449046067,-168.98827223406738,-36.31833840446258,9.674522798789695,6.0491283824755815,8.360725028693516,5.693273077770252,-13.43824675327082,11.292328571428571,9.652755832672117,1.3814206814339427,1.9827000000000012,1.5492986383892244,-0.4334013616107768,8,15,7.0,150,-14.669361795332279,19.93817277775339,70.2732195309643,55.70530327717692,,,
CTL,2022,LPI,50,2022-10-01 00:00:00,2022-10-31 21:00:00,740,11.296871998069498,10.132492527446232,-1.1643794706232666,1.8017975077597421,2.4170918702885182,2.118148615608907,0.6759707924851092,2.66144472698038,2.5989829309007964,0.9765308685743583,0.782231609095289,5.842333109414848,0.0039014759694874683,4.482652081836436,968.096086150633,717.5201337916865,-250.57595235894655,-25.883376241638647,12.350885591972922,4.7474441802146305,11.131922532141765,4.30572927641874,-10.307096254806158,14.998085714285713,13.769292259216309,1.759695698880246,6.268329953917051,7.31493513584137,1.0466051819243196,19,20,1.0,740,-4.4757445750566385,7.331910040515495,94.295351855023,89.5471183613959,,,
CTL,2022,LPI,100,2022-10-01 00:00:00,2022-10-31 21:00:00,740,11.642255666023164,10.678976569304595,-0.9632790967185708,1.7371777403159123,2.3096205552538516,2.099152326791975,0.7110910080515025,2.8075294925144076,2.7104590053607303,0.9654249448091312,0.8159181544326715,5.334347109251109,0.009422679476252247,4.397017811599907,1067.5679034923937,839.0339671448013,-228.53393634759243,-21.40696958010603,12.74894652497343,4.610220903028019,11.730475636270107,4.269179410108929,-8.273990233093826,15.543271428571428,14.568918609619141,1.5820385189252089,6.659164055299541,7.668731705347697,1.0095676500481563,19,19,0.0,740,-4.39653584470508,6.958916040826581,94.57120033775197,89.95232301332423,0.1224166930357733,2.4654514752038157,-1.9033311048057593
CTL,2022,LPI,150,2022-10-01 00:00:00,2022-10-31 21:00:00,740,11.909841071428575,11.205073949452993,-0.7047671219755784,1.6247095889833074,2.119168003071389,1.9985435519457262,0.7474939876004,2.875500058442445,2.7373627116102113,0.9519605828465684,0.8483496126681881,4.490873025241579,0.019081926589848787,3.975094402433991,1143.9696175748975,959.3593868449345,-184.61023072996295,-16.137686516650536,13.044671334790818,4.576324692500046,12.283042735911117,4.335682982435411,-5.917519115064445,15.901137142857143,15.270702838897705,1.275633463266115,6.884476344086021,7.580366595586142,0.6958902515001206,19,19,0.0,740,-4.331061802366237,6.549773625802324,95.22713793951064,90.71704196351452,,,
CTL,2022,LPI,200,2022-10-01 00:00:00,2022-10-31 21:00:00,740,12.201471743886744,11.748002818468455,-0.45346892541828915,1.506796745385964,1.9235142726434469,1.8692974858868856,0.7860449593914005,2.9252426524520487,2.7730189690636378,0.9479620320520038,0.8782423757142372,3.699907157063049,0.023172049784335187,3.4711010409586986,1228.0625903448179,1094.4094672890617,-133.65312305575617,-10.883250097067835,13.35963500633655,4.582941386932266,12.852610426744956,4.462567902802025,-3.716510064824667,16.3783,15.816768741607667,0.9651767452019271,7.066063594470048,7.903993708087553,0.8379301136175048,19,19,0.0,740,-3.9170430404688985,6.106974812411873,95.90835237387732,91.84323310381833,,,
EXP01,2022,LPI,50,2022-10-01 00:00:00,2022-10-31 21:00:00,740,11.296871998069498,9.53458748637019,-1.7622845116993084,2.364356079011424,3.1604990221547293,2.6235676794902263,0.5646097469882846,2.66144472698038,2.9372017381438313,1.1036117746004517,0.6872157698401119,9.988754069041,0.07604192920579993,6.80706543965993,968.096086150633,641.6105657629564,-326.4855203876766,-33.724495435763636,12.350885591972922,4.7474441802146305,10.591322954621837,3.6059215564888296,-15.599756392747137,14.998085714285713,13.532772159576416,2.61019845248221,6.268329953917051,8.515583825111388,2.2472538711943377,19,20,1.0,740,-3.5288967734100756,7.409995586710652,94.295351855023,90.50988126682813,,,
EXP01,2022,LPI,100,2022-10-01 00:00:00,2022-10-31 21:00:00,740,11.642255666023164,10.643411698212494,-0.9988439678106712,1.9217019271293845,2.56179387274826,2.359046115365014,0.6479678457493915,2.8075294925144076,2.815343819193043,1.0027833462478206,0.7799539764571277,6.5627878464505285,6.106370144043396e-05,5.565037510717324,1067.5679034923937,842.4902478210828,-225.07765567131094,-21.083216808504826,12.74894652497343,4.610220903028019,11.720766960556613,4.1087990695764995,-8.57947116490237,15.543271428571428,14.729530715942383,1.7665469896192665,6.659164055299541,7.867443227767944,1.2082791724684032,19,20,1.0,740,-3.7316103420180067,6.7438144485976945,94.57120033775197,90.66590074463296,-0.07968096999245589,2.4654514752038157,-1.9033311048057593
EXP01,2022,LPI,150,2022-10-01 00:00:00,2022-10-31 21:00:00,740,11.909841071428575,11.50607713493141,-0.40376393649716175,1.6023678808340418,2.048340173674763,2.008151426231168,0.7436464922338036,2.875500058442445,2.718645067618121,0.9454512301734097,0.8549806912374558,4.195697467089959,0.024603488146498757,4.008068662527779,1143.9696175748975,1027.342437017866,-116.62718055703158,-10.19495437337485,13.044671334790818,4.576324692500046,12.587796565449352,4.520460437254217,-3.390170650268254,15.901137142857143,15.542220878601075,1.026724104520166,6.884476344086021,7.630569997397803,0.7460936533117817,19,20,1.0,740,-3.572815781199363,6.168585727721821,95.22713793951064,91.52257774841408,,,
EXP01,2022,LPI,200,2022-10-01 00:00:00,2022-10-31 21:00:00,740,12.201471743886744,12.163238221245843,-0.0382335226409009,1.4965095249783826,1.849200459399297,1.8488051646371606,0.7923505820173643,2.9252426524520487,2.8008445662484784,0.9574742676135619,0.8872351957009964,3.4195423390425708,0.015474883851110906,3.4026056529379227,1228.0625903448179,1204.3202116194893,-23.742378725328535,-1.933319922941558,13.35963500633655,4.582941386932266,13.28567305797763,4.641905776361929,-0.31335172873761874,16.3783,16.39086666107178,0.7275380144201694,7.066063594470048,7.945399013642341,0.8793354191722926,19,20,1.0,740,-3.1135192053362766,5.728287536073642,95.90835237387732,92.68836177636926,,,
