experiment,period,site,height_m,window_start,window_end,n,obs_mean,model_mean,bias,mae,rmse,crmse,r,std_obs,std_model,std_ratio,ioa,mse,mse_dissipative,mse_dispersive,obs_wpd,model_wpd,wpd_bias,wpd_rel_bias_pct,obs_weibull_A,obs_weibull_k,model_weibull_A,model_weibull_k,speed_rel_bias_pct,p90_obs,p90_model,diurnal_rmse,diurnal_amp_obs,diurnal_amp_model,diurnal_amp_bias,diurnal_peak_hour_obs,diurnal_peak_hour_model,diurnal_phase_error_h,n_dir,dir_bias,dir_mae,dir_obs_mean,dir_model_mean
CTL,2021,P0,50,2021-11-09 14:00:00,2021-11-16 12:00:00,159,8.074535339922132,7.4116405780960175,-0.6628947618261145,1.674850330684099,2.0685626046079792,1.959469771118209,0.37983682985310857,2.065406244542923,1.2193579259181127,0.5903719566742949,0.584214333439579,4.278951249182547,0.7157977574478688,3.123724026478179,357.9735372949715,252.3925377962545,-105.580999498717,-29.49407944971024,8.815902374240206,4.689297777433103,7.905279326052124,7.207973492233209,-8.209695467535195,10.586,8.871676254272462,1.1844727809801747,3.052083333333333,2.3671317100524893,-0.6849516232808437,8,14,6.0,157,-14.19828812362458,23.488254718679297,70.91122745765666,56.191200233590095
CTL,2021,P0,100,2021-11-09 14:00:00,2021-11-16 12:00:00,159,8.437715333932317,7.59503039773905,-0.8426849361932646,1.6769209565125245,2.0775196780956446,1.8989392068172126,0.3850315710877168,1.9892666930268932,1.2511496425608863,0.6289501789511799,0.5845376033437566,4.316088012874631,0.5448167801886377,3.061153330998947,398.72757523268007,271.6680974977299,-127.05947773495018,-31.866237909631355,9.16242476339957,5.162509666031667,8.102230961405816,7.189061936128082,-9.987122139620011,11.085714285714285,9.126730155944825,1.2568010263342988,2.7898571428571435,2.3806676864624023,-0.40918945639474114,2,14,-12.0,157,-13.871750693293984,22.118062331112714,70.78365314378969,56.430198610460614
CTL,2021,P0,150,2021-11-09 14:00:00,2021-11-16 12:00:00,159,8.64079365079365,7.682678276637815,-0.9581153741558357,1.714605080436896,2.0903284279161025,1.8578180390879047,0.3814615847865512,1.9288579358794287,1.257680594493644,0.6520338129102425,0.5795908514046062,4.369472936554204,0.4504790235896901,3.001008842770735,421.9259463565336,281.034848967592,-140.8910973889416,-33.392375748773354,9.345555768545681,5.5358690203793195,8.196365082987159,7.158357441153665,-11.088279767771485,11.169428571428572,9.285387992858887,1.3089611925216686,2.419999999999999,2.37470805644989,-0.045291943550108904,2,14,-12.0,158,-13.761123372744112,21.09789692639569,70.72878769119134,56.55374947551981
CTL,2021,P0,200,2021-11-09 14:00:00,2021-11-16 12:00:00,155,8.818885407066052,7.790880989259289,-1.028004417806763,1.742385090124479,2.095585834991945,1.8261125126313182,0.3772035742631499,1.8818457271791826,1.255013109262354,0.6669054169193627,0.5764270381558512,4.391479991818888,0.3929191308844649,2.941767777904202,443.87963007801454,292.6599178901255,-151.21971218788906,-34.06772961429009,9.511181662937544,5.813595228783208,8.311496340302362,7.0065468410242655,-11.65685197568259,11.227142857142857,9.374355888366699,1.4202924077482444,2.379316666666668,2.5436322689056396,0.1643156022389718,8,13,5.0,155,-13.837355121729422,20.371471975395917,70.62236340805923,56.473591664221324
CTL,2021,P0,250,2021-11-09 14:00:00,2021-11-16 12:00:00,150,8.991040952380953,7.920350958506266,-1.070689993874686,1.7716842420014882,2.1184409228509264,1.8279537413802653,0.34048844109090964,1.8102520404667783,1.28293893020231,0.7087073520831391,0.5590006369023552,4.487791943609485,0.27805911625678736,3.063355764369323,465.29736672452805,308.14647732501885,-157.1508893995092,-33.77429159029561,9.674522798789695,6.0491283824755815,8.460813525008572,6.585312994029711,-11.90840971079275,11.292328571428571,9.495323371887206,1.4662813089243283,1.9827000000000012,2.7115867296854645,0.7288867296854633,8,13,5.0,150,-13.206215886262394,19.309569905811472,70.2732195309643,56.94562783464058
EXP01,2021,P0,50,2021-11-09 14:00:00,2021-11-16 12:00:00,159,8.074535339922132,6.800612694062527,-1.2739226458596054,1.970342191381989,2.3060820381274847,1.9222735130413353,0.4423187927526879,2.065406244542923,1.427220591688353,0.6910120444630488,0.6016089788779897,5.318014366574214,0.40728092750941397,3.2878545314308627,357.9735372949715,204.32291295417133,-153.65062434080016,-42.922341551239164,8.815902374240206,4.689297777433103,7.3636029370478004,5.315659282818029,-15.777039696155331,10.586,8.374721336364747,1.5374269185893277,3.052083333333333,2.8054367928277877,-0.24664654050554535,8,14,6.0,157,-7.1506391144831785,21.670157397124058,70.91122745765666,63.24785418804816
EXP01,2021,P0,100,2021-11-09 14:00:00,2021-11-16 12:00:00,159,8.437715333932317,7.443885677265671,-0.993829656666644,1.8141239855098812,2.138252628137253,1.8932582801260185,0.43103625778707194,1.9892666930268932,1.45949150471154,0.7336831757288207,0.6042383865003338,4.572124301735869,0.28066175015456796,3.303765165111162,398.72757523268007,264.32142294370857,-134.4061522889715,-33.70876774964408,9.16242476339957,5.162509666031667,8.03195369522172,5.539146096308908,-11.778421259010186,11.085714285714285,8.912520027160646,1.2958568630414646,2.7898571428571435,2.5062826815105623,-0.28357446134658115,2,14,-12.0,157,-9.005529926591752,21.280732024808916,70.78365314378969,61.28939822333658
EXP01,2021,P0,150,2021-11-09 14:00:00,2021-11-16 12:00:00,159,8.64079365079365,7.751982393504688,-0.8888112572889623,1.723777693032433,2.043879134078436,1.840504404677596,0.4261248951608085,1.9288579358794287,1.407203265145608,0.7295525704457951,0.6034454503045641,4.177441914721218,0.272123595498411,3.1153328681392214,421.9259463565336,294.5420608404737,-127.38388551605988,-30.191052865096527,9.345555768545681,5.5358690203793195,8.335288234738377,5.781068432834369,-10.286222460680166,11.169428571428572,9.318926429748537,1.1621196895779093,2.419999999999999,2.099048512322562,-0.3209514876774371,2,14,-12.0,158,-10.175457110696712,20.71429750215059,70.72878769119134,60.16368674797203
EXP01,2021,P0,200,2021-11-09 14:00:00,2021-11-16 12:00:00,155,8.818885407066052,7.995231779160038,-0.8236536279060142,1.6343310355741674,1.945739966245533,1.7628098926096454,0.445731157615558,1.8818457271791826,1.3581586555218532,0.7217162575583085,0.6196165099400822,3.7859040162451683,0.2742481490210289,2.8332505684614016,443.87963007801454,319.99830734625766,-123.88132273175688,-27.908764975311886,9.511181662937544,5.813595228783208,8.57487187484151,5.926962672203271,-9.33965676939252,11.227142857142857,9.595095252990722,1.1174114738802894,2.379316666666668,1.9536479995364244,-0.4256686671302434,8,13,5.0,155,-11.159470912870773,20.038329567365576,70.62236340805923,59.1725722784912
EXP01,2021,P0,250,2021-11-09 14:00:00,2021-11-16 12:00:00,150,8.991040952380953,8.19416665395101,-0.7968742984299433,1.572625306621733,1.8751630010577585,1.6974179311641917,0.45315253484070245,1.8102520404667783,1.3467617306198303,0.7439636583823787,0.6289448073304438,3.516236280535939,0.21482326732201992,2.6664043657157053,465.29736672452805,342.9703821331396,-122.32698459138845,-26.290065953416452,9.674522798789695,6.0491283824755815,8.77682668458085,5.946749580261844,-8.862981524057227,11.292328571428571,9.929681396484375,1.0740773127277272,1.9827000000000012,2.1870866366795125,0.2043866366795113,8,6,-2.0,150,-11.182358930763339,19.151064306492177,70.2732195309643,58.93792784228467
EXP02,2021,P0,50,2021-11-09 14:00:00,2021-11-16 12:00:00,159,8.074535339922132,6.611989139760815,-1.4625462001613172,2.151299321598191,2.513710461447152,2.0444311914032585,0.3411528689460588,2.065406244542923,1.345153614056861,0.6512779835012773,0.5325726119978367,6.318740283988855,0.5187638517220919,3.660935044660456,357.9735372949715,187.03421290243418,-170.93932439253732,-47.75194437115129,8.815902374240206,4.689297777433103,7.159714225427043,5.316819613760117,-18.113069527731138,10.586,8.157247543334961,1.766640175575513,3.052083333333333,2.645374706813267,-0.4067086265200661,8,15,7.0,157,-11.934964325673215,23.693680880511728,70.91122745765666,58.92885342692511
EXP02,2021,P0,100,2021-11-09 14:00:00,2021-11-16 12:00:00,159,8.437715333932317,7.2229011553638385,-1.2148141785684765,2.011199544749527,2.3611661110331577,2.0246806946875457,0.32546563664796035,1.9892666930268932,1.396654768106601,0.7020952861687105,0.5370977022117747,5.575105403891446,0.35118889355773397,3.74814302188271,398.72757523268007,241.59257967334958,-157.1349955593305,-39.40911171434114,9.16242476339957,5.162509666031667,7.80355559589078,5.3850101965107795,-14.397430234261364,11.085714285714285,9.071305084228516,1.5242667631847706,2.7898571428571435,2.233191104162306,-0.5566660386948374,2,15,-11.0,157,-13.542626080475493,22.6247626420863,70.78365314378969,57.199530747436114
EXP02,2021,P0,150,2021-11-09 14:00:00,2021-11-16 12:00:00,159,8.64079365079365,7.481769141910961,-1.1590245088826898,1.9468804368015962,2.2829589351987623,1.9668664641030174,0.3285571191329213,1.9288579358794287,1.3751556436442847,0.7129377535092064,0.5398363900881884,5.211901499803867,0.30658622842645283,3.561977459186653,421.9259463565336,266.0523289421626,-155.87361741437098,-36.9433590800447,9.345555768545681,5.5358690203793195,8.06282980828642,5.525405707126854,-13.413403394678147,11.169428571428572,9.518844985961918,1.4009478765172871,2.419999999999999,1.847410360972086,-0.572589639027913,2,15,-11.0,158,-14.498886180561907,21.6620484288783,70.72878769119134,56.24221517063777
EXP02,2021,P0,200,2021-11-09 14:00:00,2021-11-16 12:00:00,155,8.818885407066052,7.642643319406817,-1.1762420876592352,1.9084098663775422,2.242510567059001,1.9092690210104821,0.3405981125132918,1.8818457271791826,1.3584388054137295,0.7218651273024272,0.5442255898805736,5.028853643371281,0.27395480575198716,3.371353388838338,443.87963007801454,281.9834405152947,-161.89618956271983,-36.47299371098998,9.511181662937544,5.813595228783208,8.222778889019722,5.616475374158126,-13.337763598977954,11.227142857142857,9.54655818939209,1.3887076587525127,2.379316666666668,1.6076662086305156,-0.7716504580361523,8,15,7.0,155,-14.899324852595882,20.941504577187686,70.62236340805923,55.771189329306885
EXP02,2021,P0,250,2021-11-09 14:00:00,2021-11-16 12:00:00,150,8.991040952380953,7.78280268351237,-1.2082382688685827,1.8392985178048267,2.1695137217578084,1.8019295420567554,0.3767472050772376,1.8102520404667783,1.34160705843432,0.7411161697066134,0.5640512949274605,4.706789788895418,0.21962811918420316,3.0273219553526656,465.29736672452805,296.30909449046067,-168.98827223406738,-36.31833840446258,9.674522798789695,6.0491283824755815,8.360725028693516,5.693273077770252,-13.43824675327082,11.292328571428571,9.652755832672117,1.3814206814339427,1.9827000000000012,1.5492986383892244,-0.4334013616107768,8,15,7.0,150,-14.669361795332279,19.93817277775339,70.2732195309643,55.70530327717692
CTL,2022,LPI,50,2022-10-01 00:00:00,2022-10-31 21:00:00,740,11.296871998069498,10.132492527446232,-1.1643794706232666,1.8017975077597421,2.4170918702885182,2.118148615608907,0.6759707924851092,2.66144472698038,2.5989829309007964,0.9765308685743583,0.782231609095289,5.842333109414848,0.0039014759694874683,4.482652081836436,968.096086150633,717.5201337916865,-250.57595235894655,-25.883376241638647,12.350885591972922,4.7474441802146305,11.131922532141765,4.30572927641874,-10.307096254806158,14.998085714285713,13.769292259216309,1.759695698880246,6.268329953917051,7.31493513584137,1.0466051819243196,19,20,1.0,740,-4.4757445750566385,7.331910040515495,94.295351855023,89.5471183613959
CTL,2022,LPI,100,2022-10-01 00:00:00,2022-10-31 21:00:00,740,11.642255666023164,10.678976569304595,-0.9632790967185708,1.7371777403159123,2.3096205552538516,2.099152326791975,0.7110910080515025,2.8075294925144076,2.7104590053607303,0.9654249448091312,0.8159181544326715,5.334347109251109,0.009422679476252247,4.397017811599907,1067.5679034923937,839.0339671448013,-228.53393634759243,-21.40696958010603,12.74894652497343,4.610220903028019,11.730475636270107,4.269179410108929,-8.273990233093826,15.543271428571428,14.568918609619141,1.5820385189252089,6.659164055299541,7.668731705347697,1.0095676500481563,19,19,0.0,740,-4.39653584470508,6.958916040826581,94.57120033775197,89.95232301332423
CTL,2022,LPI,150,2022-10-01 00:00:00,2022-10-31 21:00:00,740,11.909841071428575,11.205073949452993,-0.7047671219755784,1.6247095889833074,2.119168003071389,1.9985435519457262,0.7474939876004,2.875500058442445,2.7373627116102113,0.9519605828465684,0.8483496126681881,4.490873025241579,0.019081926589848787,3.975094402433991,1143.9696175748975,959.3593868449345,-184.61023072996295,-16.137686516650536,13.044671334790818,4.576324692500046,12.283042735911117,4.335682982435411,-5.917519115064445,15.901137142857143,15.270702838897705,1.275633463266115,6.884476344086021,7.580366595586142,0.6958902515001206,19,19,0.0,740,-4.331061802366237,6.549773625802324,95.22713793951064,90.71704196351452
CTL,2022,LPI,200,2022-10-01 00:00:00,2022-10-31 21:00:00,740,12.201471743886744,11.748002818468455,-0.45346892541828915,1.506796745385964,1.9235142726434469,1.8692974858868856,0.7860449593914005,2.9252426524520487,2.7730189690636378,0.9479620320520038,0.8782423757142372,3.699907157063049,0.023172049784335187,3.4711010409586986,1228.0625903448179,1094.4094672890617,-133.65312305575617,-10.883250097067835,13.35963500633655,4.582941386932266,12.852610426744956,4.462567902802025,-3.716510064824667,16.3783,15.816768741607667,0.9651767452019271,7.066063594470048,7.903993708087553,0.8379301136175048,19,19,0.0,740,-3.9170430404688985,6.106974812411873,95.90835237387732,91.84323310381833
EXP01,2022,LPI,50,2022-10-01 00:00:00,2022-10-31 21:00:00,740,11.296871998069498,9.53458748637019,-1.7622845116993084,2.364356079011424,3.1604990221547293,2.6235676794902263,0.5646097469882846,2.66144472698038,2.9372017381438313,1.1036117746004517,0.6872157698401119,9.988754069041,0.07604192920579993,6.80706543965993,968.096086150633,641.6105657629564,-326.4855203876766,-33.724495435763636,12.350885591972922,4.7474441802146305,10.591322954621837,3.6059215564888296,-15.599756392747137,14.998085714285713,13.532772159576416,2.61019845248221,6.268329953917051,8.515583825111388,2.2472538711943377,19,20,1.0,740,-3.5288967734100756,7.409995586710652,94.295351855023,90.50988126682813
EXP01,2022,LPI,100,2022-10-01 00:00:00,2022-10-31 21:00:00,740,11.642255666023164,10.643411698212494,-0.9988439678106712,1.9217019271293845,2.56179387274826,2.359046115365014,0.6479678457493915,2.8075294925144076,2.815343819193043,1.0027833462478206,0.7799539764571277,6.5627878464505285,6.106370144043396e-05,5.565037510717324,1067.5679034923937,842.4902478210828,-225.07765567131094,-21.083216808504826,12.74894652497343,4.610220903028019,11.720766960556613,4.1087990695764995,-8.57947116490237,15.543271428571428,14.729530715942383,1.7665469896192665,6.659164055299541,7.867443227767944,1.2082791724684032,19,20,1.0,740,-3.7316103420180067,6.7438144485976945,94.57120033775197,90.66590074463296
EXP01,2022,LPI,150,2022-10-01 00:00:00,2022-10-31 21:00:00,740,11.909841071428575,11.50607713493141,-0.40376393649716175,1.6023678808340418,2.048340173674763,2.008151426231168,0.7436464922338036,2.875500058442445,2.718645067618121,0.9454512301734097,0.8549806912374558,4.195697467089959,0.024603488146498757,4.008068662527779,1143.9696175748975,1027.342437017866,-116.62718055703158,-10.19495437337485,13.044671334790818,4.576324692500046,12.587796565449352,4.520460437254217,-3.390170650268254,15.901137142857143,15.542220878601075,1.026724104520166,6.884476344086021,7.630569997397803,0.7460936533117817,19,20,1.0,740,-3.572815781199363,6.168585727721821,95.22713793951064,91.52257774841408
EXP01,2022,LPI,200,2022-10-01 00:00:00,2022-10-31 21:00:00,740,12.201471743886744,12.163238221245843,-0.0382335226409009,1.4965095249783826,1.849200459399297,1.8488051646371606,0.7923505820173643,2.9252426524520487,2.8008445662484784,0.9574742676135619,0.8872351957009964,3.4195423390425708,0.015474883851110906,3.4026056529379227,1228.0625903448179,1204.3202116194893,-23.742378725328535,-1.933319922941558,13.35963500633655,4.582941386932266,13.28567305797763,4.641905776361929,-0.31335172873761874,16.3783,16.39086666107178,0.7275380144201694,7.066063594470048,7.945399013642341,0.8793354191722926,19,20,1.0,740,-3.1135192053362766,5.728287536073642,95.90835237387732,92.68836177636926
