experiment,period,station,name,kind,lat,lon,n,obs_mean,model_mean,bias,mae,rmse,crmse,r,std_obs,std_model,std_ratio,ioa,mse,mse_dissipative,mse_dispersive,diurnal_rmse,diurnal_amp_obs,diurnal_amp_model,diurnal_amp_bias,diurnal_peak_hour_obs,diurnal_peak_hour_model,diurnal_phase_error_h
CTL,2021,81715099999,SAO LUIS (INMET A),inmet_auto,-2.533,-44.217,677,2.2602658788774,5.086699508762785,2.826433629885385,2.826433629885385,2.913173376342344,0.7055863210711915,0.8071845624577741,1.0215269019636504,1.1909420602931338,1.1658450286564375,0.4498127271678162,8.486579120629852,0.028701495871803928,0.469150560610975,2.8458102326634287,2.4035714285714285,3.1331487688862656,0.7295773403148371,15.0,15.0,0.0
CTL,2021,81758099999,FORTALEZA (INMET A),inmet_auto,-3.8,-38.533,308,3.5383116883116883,4.429503890730692,0.8911922024190048,0.9448007426003706,1.1651571224651676,0.7505781627378144,0.7245624840170054,1.0843753394818467,0.7162818346449794,0.6605478827905147,0.6729126573082571,1.3575911200313093,0.13549282830308887,0.42787475007578374,1.2538704866984283,3.1073891625615766,1.5825900164801614,-1.5247991460814152,14.0,13.0,-1.0
CTL,2021,81798099999,JAGUARUANA (INMET A),inmet_auto,-4.783,-37.783,721,3.79500693481276,5.494385441145748,1.6993785063329874,1.8306735329537058,2.2975326720296696,1.5462111987879466,0.6703502750585807,1.8467732571156104,1.9540885647099149,1.058109628337328,0.6983727172872518,5.2786563790437935,0.011516575244060193,2.3792524960131973,1.8287055175157223,3.9466666666666663,5.655655625752306,1.70898895908564,15.0,15.0,0.0
CTL,2021,82281099999,SAO LUIS / Cunha Machado,synop_airport,-2.585,-44.234,721,4.761766065649562,4.223485130181096,-0.5382809354684647,1.0586910318193856,1.3310423068270056,1.2173443461381628,0.7449783801126517,1.807923101079981,1.1813857177840177,0.6534490969656315,0.7977819456617692,1.7716736225633565,0.39254909266735283,1.0893781644071991,0.8631742380035388,4.277777777777779,2.7524928039540937,-1.5252849738236849,15.0,16.0,1.0
CTL,2021,82288099999,PARNAIBA / Joao Silva Filho,synop_airport,-2.894,-41.732,213,7.5664319248826315,7.1850138237445575,-0.3814181011380725,0.9820222512357748,1.2300869317663727,1.169458888472201,0.535611461979744,1.3831862384539575,0.7982023148417573,0.5770750840710647,0.6463095831045822,1.5131138597024087,0.3422061908847245,1.025427900941912,,,,,,,
CTL,2021,82398099999,FORTALEZA / Pinto Martins,synop_airport,-3.776,-38.533,721,5.711927877947297,4.6261926753132965,-1.0857352026339988,1.4066614336586185,1.8095084332754643,1.4475841391284774,0.6768006316358294,1.8270324954957153,0.7013029411737441,0.3838480940556368,0.6123206850879952,3.2743207700950254,1.2672670294739439,0.8282328103823897,1.5328158444056228,3.8533333333333344,1.1462668977803254,-2.707066435553009,11.0,13.0,2.0
CTL,2021,82591099999,MOSSORO / Dix-Sept Rosado,synop_airport,-5.202,-37.364,300,7.207666666666667,5.614381919635512,-1.5932847470311557,1.6874699521158456,1.9974442989144239,1.2046690176739834,0.7441492675243049,1.7903373673385947,1.18776227796569,0.6634293064727483,0.6865043763004822,3.9897837272657344,0.3630967383327641,1.0881307038108365,,,,,,,
EXP01,2021,81715099999,SAO LUIS (INMET A),inmet_auto,-2.533,-44.217,677,2.2602658788774,4.423460790386663,2.163194911509263,2.1648772098165034,2.2922628550577744,0.7583249774984675,0.8432621109484725,1.0215269019636504,1.3844591408549356,1.3552840734723985,0.5485251322388616,5.25446899667762,0.13171981002664093,0.44333696147140916,2.2092383161880114,2.4035714285714285,3.7465467068560168,1.3429752782845883,15.0,15.0,0.0
EXP01,2021,81758099999,FORTALEZA (INMET A),inmet_auto,-3.8,-38.533,308,3.5383116883116883,4.537651683490416,0.9993399951787282,1.0337610246733813,1.25387498028787,0.7573123795555476,0.7201948379981825,1.0843753394818467,0.6940531672624304,0.6400488299504061,0.6492401728654664,1.5722024661919063,0.1523513981260837,0.42117064210200134,1.379593872879581,3.1073891625615766,1.5702900658748922,-1.5370990966866844,14.0,13.0,-1.0
EXP01,2021,81798099999,JAGUARUANA (INMET A),inmet_auto,-4.783,-37.783,721,3.79500693481276,5.521627279679645,1.7266203448668846,1.8388743786991433,2.286461910672862,1.4988963451985449,0.6865856992979417,1.8467732571156104,1.9341977336240883,1.047339041851311,0.6992761247587131,5.227908068957795,0.0076430390927814135,2.239047214556778,1.8255200875393645,3.9466666666666663,5.4661772044556995,1.5195105377890332,15.0,15.0,0.0
EXP01,2021,82281099999,SAO LUIS / Cunha Machado,synop_airport,-2.585,-44.234,721,4.761766065649562,3.769749222022331,-0.9920168436272288,1.243622269154632,1.5079835727707451,1.1357451464594914,0.7780555634150835,1.807923101079981,1.4006254878132784,0.7747151894771414,0.794196031063025,2.2740144557464212,0.16589134577275239,1.1240256919335398,1.0939920873830804,4.277777777777779,3.4260931826077194,-0.8516845951700591,15.0,16.0,1.0
EXP01,2021,82288099999,PARNAIBA / Joao Silva Filho,synop_airport,-2.894,-41.732,213,7.5664319248826315,7.221119011773147,-0.3453129131094828,0.9443537032705713,1.1914201789566956,1.1402811209807202,0.567382945401342,1.3831862384539575,0.8390371234280588,0.6065973620196541,0.6774373779158808,1.4194820428252048,0.29609825938346873,1.0041427754815802,,,,,,,
EXP01,2021,82398099999,FORTALEZA / Pinto Martins,synop_airport,-3.776,-38.533,721,5.711927877947297,4.703863892342554,-1.0080639856047424,1.390566287547862,1.7811620808815243,1.4684499852895512,0.6456331249729462,1.8270324954957153,0.7216226607369325,0.39496980076489546,0.6103890261833389,3.1725383583702014,1.2219309027814396,0.9344144565154417,1.4960343848468707,3.8533333333333344,1.2185229595923222,-2.6348103737410122,11.0,13.0,2.0
EXP01,2021,82591099999,MOSSORO / Dix-Sept Rosado,synop_airport,-5.202,-37.364,300,7.207666666666667,5.584074224119317,-1.6235924425473496,1.7263273232306495,2.043183745171565,1.2403819561072444,0.7243483350550013,1.7903373673385947,1.174344881826647,0.6559349669232206,0.6751587486986674,4.174599816533303,0.379446742207187,1.1591006548292477,,,,,,,
EXP02,2021,81715099999,SAO LUIS (INMET A),inmet_auto,-2.533,-44.217,368,2.213315217391304,3.902128156801393,1.6888129394100884,1.7089596784423786,1.8111593226952678,0.6543767629332802,0.8351754712082124,1.0296484671262263,1.1878469989233535,1.1536432450957395,0.6132391647758512,3.2802980921859812,0.025026775462766694,0.4031821724042702,1.727781498799981,2.62,3.324136412800896,0.7041364128008958,15.0,14.0,-1.0
EXP02,2021,81758099999,FORTALEZA (INMET A),inmet_auto,-3.8,-38.533,116,4.123275862068966,4.608199438724842,0.48492357665587704,0.689501288230835,0.8581209152851761,0.707969370843923,0.5237010647712951,0.6735594793156585,0.767432203078299,1.1393681280501253,0.6605491126512402,0.7363715052498684,0.008812088266617,0.4924085417865231,,,,,,,
EXP02,2021,81798099999,JAGUARUANA (INMET A),inmet_auto,-4.783,-37.783,388,3.728350515463917,4.844866789539405,1.1165162740754877,1.40908761436121,1.9324374654153889,1.5772463242834465,0.5868089476737397,1.8373053893225684,1.6019948815557041,0.8719262953593003,0.7040463698487043,3.7343145577410524,0.05537103506549947,2.432334932400143,1.2862820154674557,3.8125,3.9195374377595207,0.10703743775952068,15.0,15.0,0.0
EXP02,2021,82281099999,SAO LUIS / Cunha Machado,synop_airport,-2.585,-44.234,388,4.629123711340207,3.537322506810289,-1.0918012045299172,1.2419993605601922,1.5038913390605775,1.0342433415248264,0.8383329559100929,1.8624482986402267,1.36446342188216,0.7326181472411099,0.8083618498416714,2.261689159701417,0.24798893747974676,0.8216703520086884,1.2053975934830683,4.69375,3.238250814347265,-1.4554991856527346,15.0,15.0,0.0
EXP02,2021,82288099999,PARNAIBA / Joao Silva Filho,synop_airport,-2.894,-41.732,113,7.114159292035399,6.285771881387641,-0.8283874106477578,1.1593448284942736,1.4431117610766513,1.1816707886878042,0.47786595666261794,1.3216955627022269,0.8515405974361642,0.6442789258482311,0.602307798761164,2.082571554957754,0.22104569136433264,1.1753001614737246,,,,,,,
EXP02,2021,82398099999,FORTALEZA / Pinto Martins,synop_airport,-3.776,-38.533,388,5.490463917525775,4.228525214672732,-1.2619387028530407,1.4683397571234151,1.8558724257998238,1.3607987254130227,0.699459604052041,1.792775965108075,0.795521291270549,0.4437371466113961,0.6341350623291728,3.444262460844122,0.9945168844907903,0.8572562865949158,1.6285322580889412,3.83125,1.128525313064141,-2.7027246869358588,11.0,13.0,2.0
EXP02,2021,82591099999,MOSSORO / Dix-Sept Rosado,synop_airport,-5.202,-37.364,160,7.246875000000001,7.0033768977614645,-0.2434981022385357,0.8982625353106022,1.1172148621639921,1.0903566950527426,0.7901839417581095,1.7785851777114867,1.3791758741496907,0.77543425607779,0.865011499989673,1.248169048240108,0.15952779177171894,1.0293499306746217,,,,,,,
CTL,2022,81715099999,SAO LUIS (INMET A),inmet_auto,-2.533,-44.217,666,2.693243243243243,6.167988526496937,3.474745283253694,3.474745283253694,3.6188791006806182,1.01115338196001,0.7812871438576445,0.9329629208621292,1.5555460508653125,1.6673181924827933,0.36935886893631265,13.09628594534296,0.3876097537645607,0.6348214080846055,3.5081850457431902,2.05,3.523889170207556,1.4738891702075563,14.0,15.0,1.0
CTL,2022,81758099999,FORTALEZA (INMET A),inmet_auto,-3.8,-38.533,694,3.3126801152737753,5.122728898863692,1.8100487835899175,1.8120365361748243,1.9986916393475795,0.8476388796076868,0.7082497165476637,1.1924404147086487,0.9437160145091951,0.7914156572257534,0.5676968427746528,3.9947682691979147,0.06186382725457797,0.6566278429679981,1.8627043954602218,3.134767025089605,2.121556088722582,-1.013210936367023,13.0,12.0,-1.0
CTL,2022,81835099999,APODI (INMET A),inmet_auto,-5.627,-37.832,692,3.475867052023122,4.783507727794507,1.3076406757713852,1.551065154023604,1.9260718221114275,1.414152936212979,0.6508643777336773,1.527213157541412,1.8036392224614903,1.1810003165275786,0.6998946139836418,3.7097526639316345,0.07641136936719932,1.9234171576325878,1.4405181958747757,4.244827586206896,5.377548414661266,1.13272082845437,18.0,17.0,-1.0
CTL,2022,82281099999,SAO LUIS / Cunha Machado,synop_airport,-2.585,-44.234,729,5.769615912208505,5.208193497590002,-0.561422414618503,1.0162706890995934,1.2937973294204765,1.165639910941405,0.7382613740713211,1.5554010031050218,1.6562489220835408,1.0648372469718086,0.8303203141186098,1.673911529615557,0.010170302762297927,1.3485460992171894,0.7861908890518196,3.2838709677419358,3.6218129236186556,0.3379419558767198,16.0,16.0,0.0
CTL,2022,82288099999,PARNAIBA / Joao Silva Filho,synop_airport,-2.894,-41.732,395,8.082278481012658,8.456786353391477,0.37450787237881905,1.098663811454371,1.4225621703211637,1.3723800428289352,0.4934045684597756,1.5417037668523765,1.0526017198447561,0.682752252719602,0.6643839085982732,2.0236831284288597,0.2392208123870445,1.6442061695681045,0.6622136777318183,2.796774193548388,2.0304161922513675,-0.7663580012970206,14.0,16.0,2.0
CTL,2022,82398099999,FORTALEZA / Pinto Martins,synop_airport,-3.776,-38.533,729,6.470233196159122,5.492308421008835,-0.9779247751502873,1.467030654820064,1.7883461438729453,1.4972792206039904,0.693682655419755,1.943865543580122,0.817875170229131,0.4207467810365146,0.6411336045343495,3.1981819303052332,1.2678543208791038,0.9739907435733873,1.4127508625501815,4.447830923248055,1.7468098490122799,-2.7010210742357748,11.0,11.0,0.0
CTL,2022,82591099999,MOSSORO / Dix-Sept Rosado,synop_airport,-5.202,-37.364,209,6.3708133971291865,5.254359547995756,-1.1164538491334295,1.3978534733592238,1.8525436168685288,1.4783263019900172,0.7701177809364332,2.2880927074545387,1.5274097557848636,0.6675471456242169,0.7789667335369674,3.43191785240033,0.5786385529608893,1.6068101021945915,1.3981086409520358,5.145952380952382,3.213285709643561,-1.9326666713088207,16.0,16.0,0.0
EXP01,2022,81715099999,SAO LUIS (INMET A),inmet_auto,-2.533,-44.217,666,2.693243243243243,5.65953581732449,2.966292574081247,2.966292574081247,3.206136493361731,1.2167249397527382,0.7797990565219934,0.9329629208621292,1.7948990613367488,1.9238696642714639,0.41753739278695956,10.279311214065856,0.7429339102562832,0.7374856687600249,3.0490569745911147,2.05,3.9993509420470685,1.9493509420470687,14.0,15.0,1.0
EXP01,2022,81758099999,FORTALEZA (INMET A),inmet_auto,-3.8,-38.533,694,3.3126801152737753,5.236205080825938,1.9235249655521631,1.9255843492482074,2.108794997578245,0.864330983309392,0.6963638485107967,1.1924404147086487,0.9515013467085981,0.7979445639143993,0.5488455541050505,4.447016341811031,0.05805163448873301,0.6890164142198489,1.9785641893129575,3.134767025089605,2.2005338494933646,-0.9342331755962405,13.0,12.0,-1.0
EXP01,2022,81835099999,APODI (INMET A),inmet_auto,-5.627,-37.832,692,3.475867052023122,4.849290240547197,1.3734231885240755,1.5906811076257608,1.9607877734174528,1.3994275392487223,0.6595323510538288,1.527213157541412,1.8075982128348451,1.1835926137153059,0.6964904977634268,3.8446886923833725,0.07861577923190151,1.8797816583758338,1.5046869196005102,4.244827586206896,5.36337197909078,1.1185443928838836,18.0,17.0,-1.0
EXP01,2022,82281099999,SAO LUIS / Cunha Machado,synop_airport,-2.585,-44.234,729,5.769615912208505,5.004709670683976,-0.7649062415245282,1.1527362035601727,1.4291256310806026,1.2071944793977278,0.7514415343606309,1.5554010031050218,1.8044996976787777,1.1601507868880656,0.8169657164276202,2.042400069411531,0.06205015963834932,1.3952683514500042,0.9467144191190344,3.2838709677419358,3.8039469797716694,0.5200760120297336,16.0,9.0,-7.0
EXP01,2022,82288099999,PARNAIBA / Joao Silva Filho,synop_airport,-2.894,-41.732,395,8.082278481012658,8.48241333100703,0.40013484999437215,1.1087660090370008,1.4262271774315283,1.3689470637918346,0.4917602171099579,1.5417037668523765,1.0263925477969724,0.6657521177966046,0.6589314381496771,2.034123961644304,0.2655456524843667,1.608470410979918,0.6353096596026765,2.796774193548388,1.9944167940929338,-0.8023573994554543,14.0,16.0,2.0
EXP01,2022,82398099999,FORTALEZA / Pinto Martins,synop_airport,-3.776,-38.533,729,6.470233196159122,5.516808196543842,-0.9534249996152813,1.4685832688108889,1.7945384284053556,1.5203121196425966,0.6563290563889576,1.943865543580122,0.8752649151044526,0.450270296726609,0.6401420494360524,3.220368171023564,1.1419073031785953,1.169441637953569,1.4163421721193712,4.447830923248055,1.9882290585213456,-2.459601864726709,11.0,12.0,1.0
EXP01,2022,82591099999,MOSSORO / Dix-Sept Rosado,synop_airport,-5.202,-37.364,209,6.3708133971291865,5.230811267653903,-1.1400021294752853,1.4329377376147772,1.8962108202083472,1.5152592581690525,0.7566267938478207,2.2880927074545387,1.4908003826911067,0.6515471937977526,0.7676048608005789,3.5956154746752125,0.635675051126678,1.6603355683403505,1.4359638254627927,5.145952380952382,3.27447846845632,-1.8714739124960618,16.0,16.0,0.0
