experiment,version,period,site,height_m,window_start,window_end,n,obs_mean,model_mean,bias,mae,rmse,crmse,r,std_obs,std_model,std_ratio,ioa,mse,mse_dissipative,mse_dispersive,obs_wpd,model_wpd,wpd_bias,wpd_rel_bias_pct,obs_weibull_A,obs_weibull_k,model_weibull_A,model_weibull_k,speed_rel_bias_pct,p90_obs,p90_model,diurnal_rmse,diurnal_amp_obs,diurnal_amp_model,diurnal_amp_bias,diurnal_peak_hour_obs,diurnal_peak_hour_model,diurnal_phase_error_h,n_dir,dir_bias,dir_mae,dir_obs_mean,dir_model_mean
EXP01,old,2021,P0,50,2021-11-09 14:00:00,2021-12-01 00:00:00,507,9.155025969756739,7.358663402835763,-1.7963625669209757,2.1875107995132956,2.631269557576043,1.9226702818714156,0.41588699392364453,1.9550214648331865,1.544936606827712,0.790240227341716,0.5680463598668918,6.923579484626425,0.16816959076537025,3.52849142202614,497.9731954888389,259.45903654429594,-238.51415894454294,-47.89698744937543,9.893536411523126,5.640166980269905,7.980905831367586,5.244632071255012,-19.62159990430598,11.395428571428575,9.506485176086425,2.0384316514875462,2.962510714285715,2.852007635434469,-0.110503078851246,8,10,2.0,505,-14.968139995680756,20.791709502541316,81.30382583336412,66.11814958544961
EXP01,corrected,2021,P0,50,2021-11-09 14:00:00,2021-12-01 00:00:00,507,9.155025969756739,8.308750189267672,-0.8462757804890669,1.6139563180133976,2.026823655307607,1.84169254575027,0.4113416139567421,1.9550214648331865,1.2694028009775824,0.6493037666396645,0.5980942131700064,4.10801412971449,0.47007295222714385,2.921758480844967,497.9731954888389,352.819405899369,-145.1537895894699,-29.148916227705524,9.893536411523126,5.640166980269905,8.851617904859035,7.251948508295317,-9.243838120008675,11.395428571428575,10.126879119873047,1.1766152080781873,2.962510714285715,1.2081099215007969,-1.7544007927849181,8,12,4.0,505,-20.992629899099146,24.09340731098362,81.30382583336412,60.07262212938738
EXP01,old,2021,P0,100,2021-11-09 14:00:00,2021-12-01 00:00:00,507,9.45176768103691,8.167552537936901,-1.2842151431000108,1.8545055154933163,2.2550577424503553,1.8536657972832944,0.4599621855954036,1.9062750285574581,1.6324571651690365,0.8563597281156073,0.6199588516748299,5.085285421785293,0.07497622231060033,3.361100665707313,541.9124490905107,351.10768828753345,-190.80476080297723,-35.209517907035355,10.188139603908526,5.827513076271224,8.834792526250055,5.422323451482519,-13.587036694485539,11.679885714285714,10.389070129394533,1.576780890569061,2.621853571428571,2.473307959445111,-0.14854561198345984,8,11,3.0,505,-16.36757101929068,21.038655085985187,81.10395484203063,64.51194805411437
EXP01,corrected,2021,P0,100,2021-11-09 14:00:00,2021-12-01 00:00:00,507,9.45176768103691,8.50665183603411,-0.945115845002803,1.6116120745641946,2.024441356893279,1.7902845715205553,0.4305714281868545,1.9062750285574581,1.3156881412142387,0.6901879957006328,0.6079164672996521,4.098362807499901,0.34879287150175253,2.8563259755227883,541.9124490905107,379.2566382423305,-162.65581084818018,-30.015145642283127,10.188139603908526,5.827513076271224,9.068463841628297,7.165708506391178,-9.999355431672196,11.679885714285714,10.366357803344727,1.2293286448510246,2.621853571428571,1.1908600750423615,-1.4309934963862094,8,12,4.0,505,-20.532401768443943,23.311774820144436,81.10395484203063,60.34236229201726
EXP01,old,2021,P0,150,2021-11-09 14:00:00,2021-12-01 00:00:00,507,9.606903822673054,8.566453563626231,-1.0404502590468223,1.6734593813828016,2.020842526647008,1.7324167443067682,0.4969192337312317,1.8206772871716683,1.615319157774733,0.8872078369715102,0.6524614378579049,4.083804517505062,0.04217196130940843,2.9590958146450537,562.4456478795989,400.5452225986939,-161.90042528090504,-28.78507921454529,10.32243699289572,6.102239429245304,9.239014265823815,5.672427114628526,-10.830234987793652,11.789428571428571,10.932657432556153,1.3301208726499185,2.130153571428572,2.1775231815519778,0.04736961012340579,8,12,4.0,506,-17.419802853490783,21.2420744215164,81.15149471566562,63.549342844414504
EXP01,corrected,2021,P0,150,2021-11-09 14:00:00,2021-12-01 00:00:00,507,9.606903822673054,8.59532523108187,-1.011578591591183,1.5837264378485771,1.9778286315436058,1.699563134687279,0.4534308368681544,1.8206772871716683,1.3307085198069222,0.730886538313504,0.61827161675193,3.911806095753652,0.24006939299292873,2.648445455795122,562.4456478795989,391.30122987355077,-171.14441800604817,-30.42861450724294,10.32243699289572,6.102239429245304,9.163716654735742,7.15357040457087,-10.5297045776994,11.789428571428571,10.4779598236084,1.2557410717957371,2.130153571428572,1.1789876778920494,-0.9511658935365226,8,22,-10.0,506,-20.44367950114235,22.90897797099629,81.15149471566562,60.51022632548298
EXP01,old,2021,P0,200,2021-11-09 14:00:00,2021-12-01 00:00:00,503,9.747640348385875,8.828032286930274,-0.9196080614556014,1.5574206769864327,1.8762297885300563,1.635407971325018,0.5256219859026047,1.755274794122253,1.5895298560253717,0.9055732249720112,0.6758711429466188,3.5202382193675397,0.027471384504739047,2.647087848168671,582.3953189126233,434.79555095634527,-147.59976795627807,-25.343570451743695,10.446392356662855,6.3508455520718865,9.500132502058687,5.888615789006744,-9.434160766999172,11.866685714285714,11.17322826385498,1.2149089611517032,1.8085723684210535,1.893019040425619,0.08444667200456557,8,12,4.0,503,-18.2169118039808,21.272354057410904,81.31703894490104,62.96249876130419
EXP01,corrected,2021,P0,200,2021-11-09 14:00:00,2021-12-01 00:00:00,503,9.747640348385875,8.664712343727855,-1.08292800465802,1.576211665455685,1.9670450406695092,1.6421123983302452,0.4629810398117096,1.755274794122253,1.3379760857500436,0.7622601829812722,0.6188598982175417,3.869266192022511,0.17413821200911436,2.5223949167407973,582.3953189126233,400.73342830160914,-181.6618906110142,-31.192196213079264,10.446392356662855,6.3508455520718865,9.236869722373246,7.159946855535478,-11.109642600194457,11.866685714285714,10.550634384155273,1.3193190707728593,1.8085723684210535,1.1928828716278073,-0.6156894967932462,8,12,4.0,503,-20.497937494731925,22.638408064531284,81.31703894490104,60.663594755867045
EXP01,old,2021,P0,250,2021-11-09 14:00:00,2021-12-01 00:00:00,497,9.881752059978922,9.035399234510763,-0.8463528254681578,1.4955954851521676,1.7906830208211275,1.5780470765725414,0.5422239446632612,1.7024946360101114,1.5894064136464372,0.9335749905041095,0.6909305591689063,3.2065456810570785,0.012788946037375825,2.4774436298417686,602.7712803438551,464.3469968974428,-138.4242834464123,-22.964644793203682,10.571338064141512,6.560846359435948,9.712515438297515,5.996510133608325,-8.56480531317808,11.95522857142857,11.321637916564942,1.157013693144478,1.8295239234449756,1.686584222884406,-0.1429397005605697,8,12,4.0,497,-18.53794608317425,21.17951723561395,81.45193214750249,62.846032726513016
EXP01,corrected,2021,P0,250,2021-11-09 14:00:00,2021-12-01 00:00:00,497,9.881752059978922,8.743301105691154,-1.1384509542877672,1.580598794773939,1.9751573830511746,1.614055795969531,0.4601156246257863,1.7024946360101114,1.3493095311196008,0.792548477146325,0.6145332894218742,3.901246687821564,0.12473971831652096,2.4804363941863157,602.7712803438551,411.8072963206833,-190.9639840231718,-31.68100243831044,10.571338064141512,6.560846359435948,9.322329717812309,7.075943921699161,-11.520739919173767,11.95522857142857,10.662008857727052,1.3825827244284374,1.8295239234449756,1.2620370864868153,-0.5674868369581603,8,22,-10.0,497,-20.43053532329043,22.205261782013267,81.45193214750249,60.91476743745388
EXP01,old,2022,LPI,50,2022-10-01 00:00:00,2022-10-31 21:00:00,740,11.296871998069498,9.53458748637019,-1.7622845116993084,2.364356079011424,3.1604990221547293,2.6235676794902263,0.5646097469882846,2.66144472698038,2.9372017381438313,1.1036117746004517,0.6872157698401119,9.988754069041,0.07604192920579993,6.80706543965993,968.096086150633,641.6105657629564,-326.4855203876766,-33.724495435763636,12.350885591972922,4.7474441802146305,10.591322954621837,3.6059215564888296,-15.599756392747137,14.998085714285713,13.532772159576416,2.61019845248221,6.268329953917051,8.515583825111388,2.2472538711943377,19,20,1.0,740,-3.5288967734100756,7.409995586710652,94.295351855023,90.50988126682813
EXP01,corrected,2022,LPI,50,2022-10-01 00:00:00,2022-10-31 21:00:00,740,11.296871998069498,10.662858484242413,-0.6340135138270846,1.6259438870511733,2.1311648812206934,2.0346721149200047,0.7004282393614996,2.66144472698038,2.5933023977965814,0.9743964890598682,0.8216322311992246,4.541863750948412,0.004643377026593139,4.135247238206446,968.096086150633,822.7777528049866,-145.31833334564647,-15.010734515358358,12.350885591972922,4.7474441802146305,11.679115186196778,4.5018709378768484,-5.6122926234397505,14.998085714285713,14.30357904434204,1.4410533303356212,6.268329953917051,7.598771142959595,1.3304411890425447,19,20,1.0,740,-2.7199032467081157,6.341491412662777,94.295351855023,91.36616942805148
EXP01,old,2022,LPI,100,2022-10-01 00:00:00,2022-10-31 21:00:00,740,11.642255666023164,10.643411698212494,-0.9988439678106712,1.9217019271293845,2.56179387274826,2.359046115365014,0.6479678457493915,2.8075294925144076,2.815343819193043,1.0027833462478206,0.7799539764571277,6.5627878464505285,6.106370144043396e-05,5.565037510717324,1067.5679034923937,842.4902478210828,-225.07765567131094,-21.083216808504826,12.74894652497343,4.610220903028019,11.720766960556613,4.1087990695764995,-8.57947116490237,15.543271428571428,14.729530715942383,1.7665469896192665,6.659164055299541,7.867443227767944,1.2082791724684032,19,20,1.0,740,-3.7316103420180067,6.7438144485976945,94.57120033775197,90.66590074463296
EXP01,corrected,2022,LPI,100,2022-10-01 00:00:00,2022-10-31 21:00:00,740,11.642255666023164,11.08796463528195,-0.5542910307412166,1.5911640009263677,2.06619119210311,1.9904540928050343,0.7369867182725294,2.8075294925144076,2.6698697136580662,0.9509676463868403,0.8463039710009863,4.269146042324472,0.018950214714776818,3.9429572808495372,1067.5679034923937,923.3565846197931,-144.2113188726006,-13.508397770374527,12.74894652497343,4.610220903028019,12.141393824552804,4.505097270258094,-4.761027816618575,15.543271428571428,14.924298477172853,1.3085298204498275,6.659164055299541,7.710412391026814,1.0512483357272737,19,20,1.0,740,-2.8633937173679755,6.138419104905146,94.57120033775197,91.53067137979069
EXP01,old,2022,LPI,150,2022-10-01 00:00:00,2022-10-31 21:00:00,740,11.909841071428575,11.50607713493141,-0.40376393649716175,1.6023678808340418,2.048340173674763,2.008151426231168,0.7436464922338036,2.875500058442445,2.718645067618121,0.9454512301734097,0.8549806912374558,4.195697467089959,0.024603488146498757,4.008068662527779,1143.9696175748975,1027.342437017866,-116.62718055703158,-10.19495437337485,13.044671334790818,4.576324692500046,12.587796565449352,4.520460437254217,-3.390170650268254,15.901137142857143,15.542220878601075,1.026724104520166,6.884476344086021,7.630569997397803,0.7460936533117817,19,20,1.0,740,-3.572815781199363,6.168585727721821,95.22713793951064,91.52257774841408
EXP01,corrected,2022,LPI,150,2022-10-01 00:00:00,2022-10-31 21:00:00,740,11.909841071428575,11.390094389142217,-0.5197466822863546,1.5085114426382353,1.9455280560530532,1.8748180720117618,0.7730836244066422,2.875500058442445,2.656799357184704,0.9239434196443024,0.8677125297626376,3.7850794168895723,0.04782999673062763,3.46711280641127,1143.9696175748975,992.5954414908091,-151.3741760840884,-13.232359824816562,13.044671334790818,4.576324692500046,12.451784756532362,4.596001845777259,-4.364010226242384,15.901137142857143,15.257124042510986,1.125688382586321,6.884476344086021,7.37278995513916,0.48831361105313853,19,20,1.0,740,-3.252162403669584,6.058091562625427,95.22713793951064,91.82229885029724
EXP01,old,2022,LPI,200,2022-10-01 00:00:00,2022-10-31 21:00:00,740,12.201471743886744,12.163238221245843,-0.0382335226409009,1.4965095249783826,1.849200459399297,1.8488051646371606,0.7923505820173643,2.9252426524520487,2.8008445662484784,0.9574742676135619,0.8872351957009964,3.4195423390425708,0.015474883851110906,3.4026056529379227,1228.0625903448179,1204.3202116194893,-23.742378725328535,-1.933319922941558,13.35963500633655,4.582941386932266,13.28567305797763,4.641905776361929,-0.31335172873761874,16.3783,16.39086666107178,0.7275380144201694,7.066063594470048,7.945399013642341,0.8793354191722926,19,20,1.0,740,-3.1135192053362766,5.728287536073642,95.90835237387732,92.68836177636926
EXP01,corrected,2022,LPI,200,2022-10-01 00:00:00,2022-10-31 21:00:00,740,12.201471743886744,11.733242443445567,-0.46822930044117733,1.4165853267688338,1.8089312748583668,1.7472817973552754,0.8068230522757639,2.9252426524520487,2.6175871913469546,0.8948273706978784,0.8869482507363354,3.272232357160716,0.09465188274778807,2.9583417966212924,1228.0625903448179,1072.3298051793945,-155.73278516542337,-12.681176545056747,13.35963500633655,4.582941386932266,12.793561284012828,4.744349396287371,-3.8374821519032896,16.3783,15.653382778167725,0.8991331050342565,7.066063594470048,7.078004766279651,0.01194117180960319,19,19,0.0,740,-3.4028248775851364,5.893408097989583,95.90835237387732,92.37510188160267
EXP02,old,2021,P0,50,2021-11-09 14:00:00,2021-12-01 00:00:00,507,9.155025969756739,7.34017232701153,-1.8148536427452093,2.1775333423589425,2.577800098307809,1.830671899126163,0.4401499467083315,1.9550214648331865,1.379843895417559,0.7057947548086358,0.5568003713288148,6.645053346835748,0.33082923635886907,3.020530365891326,497.9731954888389,251.38223520383397,-246.5909602850049,-49.5189224076483,9.893536411523126,5.640166980269905,7.907047126617065,5.907797547972193,-19.82357722130451,11.395428571428575,9.160746955871582,1.9900308417588208,2.962510714285715,1.9030382065545943,-1.0594725077311207,8,14,6.0,505,-18.08451609815858,22.986057622513542,81.30382583336412,63.06062956862312
EXP02,corrected,2021,P0,50,2021-11-09 14:00:00,2021-12-01 00:00:00,507,9.155025969756739,8.31805457448113,-0.83697139527561,1.5838903050036166,1.9509156291574825,1.7622572671381824,0.45365170989654496,1.9550214648331865,1.1515330742188918,0.5890130082623656,0.5939106851620147,3.806071792090936,0.6455935938519494,2.459957081729386,497.9731954888389,349.9214190249315,-148.0517764639074,-29.730872626300968,9.893536411523126,5.640166980269905,8.818248466895703,7.8589116861412585,-9.142206674678054,11.395428571428575,9.861846351623536,1.0562742186025902,2.962510714285715,1.029772589217016,-1.932738125068699,8,22,-10.0,505,-22.171946759060337,24.84356076520384,81.30382583336412,59.088535310361834
EXP02,old,2021,P0,100,2021-11-09 14:00:00,2021-12-01 00:00:00,507,9.45176768103691,8.116721163134603,-1.3350465179023088,1.8290345386823286,2.2264426583680765,1.781768140370129,0.4832532526859872,1.9062750285574581,1.5452710839586654,0.8106233679869497,0.6178658387819933,4.9570469110011075,0.1303238480158882,3.044373858022141,541.9124490905107,341.433002532015,-200.47944655849568,-36.994803661543386,10.188139603908526,5.827513076271224,8.758335021192973,5.569331191992952,-14.12483424217898,11.679885714285714,10.242251777648926,1.5128359458055287,2.621853571428571,1.7872278576805485,-0.8346257137480224,8,22,-10.0,505,-19.227774010455587,22.903233822359603,81.10395484203063,61.72694849149656
EXP02,corrected,2021,P0,100,2021-11-09 14:00:00,2021-12-01 00:00:00,507,9.45176768103691,8.561644591758473,-0.8901230892784395,1.560461591933942,1.9241326617262458,1.7058626515212574,0.4739441878281042,1.9062750285574581,1.2073384598802157,0.6333495648809128,0.6094434206364847,3.7022864999217275,0.4885123270343176,2.421455058820816,541.9124490905107,382.3678575436727,-159.54459154683798,-29.441027201829556,10.188139603908526,5.827513076271224,9.085229696305229,7.707787414319274,-9.417530342650007,11.679885714285714,10.192145538330077,1.0661128536205537,2.621853571428571,1.1557575603584187,-1.4660960110701522,8,22,-10.0,505,-21.932267750737164,24.26329346337909,81.10395484203063,59.12373227514336
EXP02,old,2021,P0,150,2021-11-09 14:00:00,2021-12-01 00:00:00,507,9.606903822673054,8.43294550258027,-1.1739583200927832,1.6813942868531986,2.0519874350493095,1.682995631689273,0.511755869323385,1.8206772871716683,1.552831817018208,0.8528869053067911,0.643678269827675,4.210652433600244,0.07174119588172818,2.7607331004034434,562.4456478795989,380.74186746828417,-181.70378041131477,-32.3060158961727,10.32243699289572,6.102239429245304,9.085882742716905,5.64659351107348,-12.21994454989909,11.789428571428571,10.621231651306152,1.3219793858849667,2.130153571428572,1.3593960716610871,-0.7707574997674849,8,22,-10.0,506,-19.99266723758195,22.804363613748862,81.15149471566562,61.03478920771957
EXP02,corrected,2021,P0,150,2021-11-09 14:00:00,2021-12-01 00:00:00,507,9.606903822673054,8.66332363376956,-0.9435801889034932,1.5266672016622829,1.875137722760282,1.6204313951622464,0.49199667415942105,1.8206772871716683,1.2324137877899588,0.6768985346680808,0.6200742650656691,3.516141479318616,0.34605394470481454,2.279743961722649,562.4456478795989,396.55758869432395,-165.88805918527498,-29.49406041466715,10.32243699289572,6.102239429245304,9.197424994693623,7.6369019356083125,-9.821896901648692,11.789428571428571,10.361987495422364,1.0779703164456218,2.130153571428572,1.219185918956608,-0.9109676524719639,8,22,-10.0,506,-21.890463658987247,23.96779078138216,81.15149471566562,59.215108427070405
EXP02,old,2021,P0,200,2021-11-09 14:00:00,2021-12-01 00:00:00,503,9.747640348385875,8.613723829773738,-1.1339165186121372,1.6200237234123365,1.9745119542674345,1.616456243256691,0.5295895754181964,1.755274794122253,1.5589012988589304,0.8881237878417084,0.655541918183048,3.8986974575450035,0.03856254964193422,2.5743682367215994,582.3953189126233,404.65520394735233,-177.740114965271,-30.5188089933699,10.446392356662855,6.3508455520718865,9.274295014203933,5.677388899296785,-11.63272831254904,11.866685714285714,10.775802040100098,1.2661563321603868,1.8085723684210535,1.1630199057715274,-0.6455524626495261,8,22,-10.0,503,-20.44483446411595,22.698917067398817,81.31703894490104,60.77702450003371
EXP02,corrected,2021,P0,200,2021-11-09 14:00:00,2021-12-01 00:00:00,503,9.747640348385875,8.734919709192356,-1.0127206391935195,1.5084294272475787,1.861123242984983,1.5614661803991816,0.5004178256458464,1.755274794122253,1.237149675857986,0.7048182313109772,0.6196806397839134,3.4637797255789406,0.26845363817636064,2.169722994354049,582.3953189126233,406.29841085551084,-176.0969080571125,-30.236662682299524,10.446392356662855,6.3508455520718865,9.272376471180339,7.645881740883945,-10.389392745303914,11.866685714285714,10.453841972351075,1.1315488760253476,1.8085723684210535,1.2479269927714292,-0.5606453756496244,8,22,-10.0,503,-21.927696915117426,23.786676928197384,81.31703894490104,59.34898099027821
EXP02,old,2021,P0,250,2021-11-09 14:00:00,2021-12-01 00:00:00,497,9.881752059978922,8.763673102112124,-1.1180789578667976,1.586447927474062,1.924211283729297,1.5660423073488932,0.5443168287580594,1.7024946360101114,1.5691658510463764,0.92168622317883,0.6654046093646899,3.702589064431149,0.01777656489990589,2.434711943506738,602.7712803438551,425.4854975475653,-177.28578279628982,-29.411783304465985,10.571338064141512,6.560846359435948,9.432308497411844,5.6936504030435025,-11.314582182192325,11.95522857142857,10.96753273010254,1.254572793382313,1.8295239234449756,1.2351581573486339,-0.5943657660963417,8,22,-10.0,497,-20.557947618068653,22.506749104547787,81.45193214750249,60.84380748233989
EXP02,corrected,2021,P0,250,2021-11-09 14:00:00,2021-12-01 00:00:00,497,9.881752059978922,8.803284397547394,-1.0784676624315273,1.5020042493256776,1.8552886810414166,1.5096369070375422,0.5110925965577168,1.7024946360101114,1.2411391509668495,0.729012077169022,0.6211847073026477,3.4420960900003994,0.21284888357950352,2.066154707510373,602.7712803438551,415.73513112542156,-187.03614921843354,-31.029373050377824,10.571338064141512,6.560846359435948,9.343965563007277,7.650701469646087,-10.913729224186065,11.95522857142857,10.522946166992188,1.198642470700246,1.8295239234449756,1.276603627204894,-0.5529202962400817,8,22,-10.0,497,-21.7839762018026,23.450868377047637,81.45193214750249,59.65300503820012
EXP02,old,2022,LPI,50,2022-10-01 00:00:00,2022-10-31 21:00:00,740,11.296871998069498,9.517550605374414,-1.7793213926950846,2.2908823053600798,3.028913204895312,2.451189626342037,0.5750156707835077,2.66144472698038,2.656019931276009,0.9979617101759142,0.6883828752614242,9.174315202789192,2.9428408434161323e-05,6.008301155878381,968.096086150633,613.5286348335695,-354.5674513170635,-36.625233423564715,12.350885591972922,4.7474441802146305,10.515431594592703,3.9577536225786814,-15.750566997653419,14.998085714285713,13.433105087280273,2.4644296285883,6.268329953917051,7.824718205134074,1.5563882512170233,19,20,1.0,740,-4.909240552375158,8.070507168838999,94.295351855023,89.25440582617533
EXP02,corrected,2022,LPI,50,2022-10-01 00:00:00,2022-10-31 21:00:00,740,11.296871998069498,10.746735187478968,-0.5501368105905304,1.5460290924520015,2.044217312680285,1.968800119640154,0.7024977958538351,2.66144472698038,2.4067911205244097,0.9043175295453553,0.822858881911245,4.1788244214618055,0.06484845928103211,3.8113254518140436,968.096086150633,823.6371176418429,-144.45896850879012,-14.921965967571603,12.350885591972922,4.7474441802146305,11.715239615778867,4.796927776563848,-4.869815385042354,14.998085714285713,14.402755451202394,1.2628122996985556,6.268329953917051,7.036427895228068,0.7680979413110176,19,20,1.0,740,-4.256828953041433,6.882517744284551,94.295351855023,89.92767140825838
EXP02,old,2022,LPI,100,2022-10-01 00:00:00,2022-10-31 21:00:00,740,11.642255666023164,10.519675178785581,-1.1225804872375842,1.8932942582861703,2.474185436251034,2.204859773915372,0.663252330986329,2.8075294925144076,2.530384080005983,0.9012849506132116,0.7786162712197618,6.1215935729567175,0.0768095796744649,4.784597042955684,1067.5679034923937,789.9507606137282,-277.6171428786655,-26.004635580601594,12.74894652497343,4.610220903028019,11.524676445799926,4.4306235106132,-9.642293722459035,15.543271428571428,14.525173473358155,1.7251067521232664,6.659164055299541,7.002688725789387,0.34352467048984625,19,20,1.0,740,-4.743363785005329,7.289401178625101,94.57120033775197,89.77224433204599
EXP02,corrected,2022,LPI,100,2022-10-01 00:00:00,2022-10-31 21:00:00,740,11.642255666023164,11.151158757467527,-0.4910969085556383,1.5332019769653848,2.01773326165022,1.9570568059146187,0.7337610015230265,2.8075294925144076,2.497867004912082,0.8897028549733974,0.843235379629659,4.071247515169635,0.0958908562280604,3.7341804853486726,1067.5679034923937,921.0916091728608,-146.47629431953294,-13.720559960669195,12.74894652497343,4.610220903028019,12.160440008959192,4.7525807655533745,-4.218228173676491,15.543271428571428,14.959746837615967,1.1574093092142792,6.659164055299541,7.171518452962239,0.5123543976626985,19,20,1.0,740,-4.564758871163661,6.784441437299946,94.57120033775197,89.93085696401859
EXP02,old,2022,LPI,150,2022-10-01 00:00:00,2022-10-31 21:00:00,740,11.909841071428575,11.245781120738467,-0.6640599506901037,1.6860379580946228,2.1536403964411983,2.0487047954922297,0.7185219662144294,2.875500058442445,2.510520917226443,0.8730728103640875,0.8290701788862944,4.638166957183403,0.1332097735227703,4.06398156555009,1143.9696175748975,945.3713984819485,-198.59821909294897,-17.360445246260785,13.044671334790818,4.576324692500046,12.266654999127756,4.688220366927632,-5.575724702852433,15.901137142857143,15.3597074508667,1.1739307257929705,6.884476344086021,6.727193445800454,-0.15728289828556719,19,20,1.0,740,-4.5944421963321025,6.72839732216224,95.22713793951064,90.6110803205637
EXP02,corrected,2022,LPI,150,2022-10-01 00:00:00,2022-10-31 21:00:00,740,11.909841071428575,11.408848958402066,-0.5009921130265048,1.4952438223870472,1.9589321087771554,1.8937850747862996,0.7609796324875845,2.875500058442445,2.513968886485634,0.8742718954585453,0.8582319228963626,3.8374150067981128,0.13070478829646512,3.4557171211868987,1143.9696175748975,982.9141065260818,-161.05551104881567,-14.07865283959529,13.044671334790818,4.576324692500046,12.432622140774756,4.78598442144142,-4.20653902954572,15.901137142857143,15.233527565002442,1.0478786942303757,6.884476344086021,6.954320700963338,0.06984435687731683,19,20,1.0,740,-5.053001290834678,6.877695952514953,95.22713793951064,90.1205297304305
EXP02,old,2022,LPI,200,2022-10-01 00:00:00,2022-10-31 21:00:00,740,12.201471743886744,11.923975282102019,-0.2774964617847261,1.58591888169906,2.003628194730176,1.9843189401945098,0.7488615352849342,2.9252426524520487,2.6139371563215614,0.8935795989882961,0.8576210572984235,4.014525942717705,0.09691111192104884,3.8406105444936123,1228.0625903448179,1121.4368490946056,-106.62574125021229,-8.682435414002287,13.35963500633655,4.582941386932266,12.992092885455232,4.7644203382268415,-2.274286804161623,16.3783,16.165621185302733,0.8591935525178132,7.066063594470048,7.1299513324614505,0.06388773799140246,19,20,1.0,740,-4.181234816258555,6.23712212624872,95.90835237387732,91.7337020114502
EXP02,corrected,2022,LPI,200,2022-10-01 00:00:00,2022-10-31 21:00:00,740,12.201471743886744,11.678113082937292,-0.5233586609494518,1.4661475979247027,1.9146757677727768,1.8417597584119025,0.7802802424041929,2.9252426524520487,2.4943627143304083,0.8527028389386909,0.8672687242585145,3.6659832956962726,0.18565752107570865,3.2064214866297607,1228.0625903448179,1046.3879998925102,-181.6745904523077,-14.793593737050223,13.35963500633655,4.582941386932266,12.704686293615516,4.884248802937188,-4.289307650215786,16.3783,15.48667106628418,0.9642322735417203,7.066063594470048,6.552320994100262,-0.5137426003697865,19,20,1.0,740,-5.194083735804161,6.747087504141281,95.90835237387732,90.68022397407199
