experiment,period,site,height_m,n_old,bias_old,rmse_old,r_old,wpd_rel_bias_pct_old,diurnal_phase_error_h_old,diurnal_amp_bias_old,n_corrected,bias_corrected,rmse_corrected,r_corrected,wpd_rel_bias_pct_corrected,diurnal_phase_error_h_corrected,diurnal_amp_bias_corrected,rmse_improvement,abs_bias_improvement,r_change,abs_wpd_bias_improvement,abs_phase_error_improvement,delta_mse,lo,hi,verdict
EXP01,2021,P0,50,507,-1.7963625669209757,2.631269557576043,0.41588699392364453,-47.89698744937543,2.0,-0.110503078851246,507,-0.8462757804890669,2.026823655307607,0.4113416139567421,-29.148916227705524,4.0,-1.7544007927849181,0.6044459022684361,0.9500867864319088,-0.0045453799669024075,18.748071221669907,-2.0,2.8155653549119353,1.6113101417183222,3.9248449532347633,corrigido melhor
EXP01,2021,P0,100,507,-1.2842151431000108,2.2550577424503553,0.4599621855954036,-35.209517907035355,3.0,-0.14854561198345984,507,-0.945115845002803,2.024441356893279,0.4305714281868545,-30.015145642283127,4.0,-1.4309934963862094,0.23061638555707642,0.33909929809720785,-0.029390757408549073,5.194372264752229,-1.0,0.9869226142853923,0.2017740430152915,1.6615290048123204,corrigido melhor
EXP01,2021,P0,150,507,-1.0404502590468223,2.020842526647008,0.4969192337312317,-28.78507921454529,4.0,0.04736961012340579,507,-1.011578591591183,1.9778286315436058,0.4534308368681544,-30.42861450724294,-10.0,-0.9511658935365226,0.04301389510340203,0.028871667455639294,-0.04348839686307732,-1.6435352926976492,-6.0,0.1719984217514102,-0.5216930149001603,0.7209190887965987,sem diferença conclusiva
EXP01,2021,P0,200,503,-0.9196080614556014,1.8762297885300563,0.5256219859026047,-25.343570451743695,4.0,0.08444667200456557,503,-1.08292800465802,1.9670450406695092,0.4629810398117096,-31.192196213079264,4.0,-0.6156894967932462,-0.09081525213945296,-0.16331994320241872,-0.06264094609089504,-5.848625761335569,0.0,-0.3490279726549714,-1.0545965910204116,0.21439024825952616,sem diferença conclusiva
EXP01,2021,P0,250,497,-0.8463528254681578,1.7906830208211275,0.5422239446632612,-22.964644793203682,4.0,-0.1429397005605697,497,-1.1384509542877672,1.9751573830511746,0.4601156246257863,-31.68100243831044,-10.0,-0.5674868369581603,-0.1844743622300471,-0.2920981288196094,-0.08210832003747487,-8.716357645106758,-6.0,-0.6947010067644858,-1.4853866037533678,-0.11567862981946657,corrigido pior
EXP01,2022,LPI,50,740,-1.7622845116993084,3.1604990221547293,0.5646097469882846,-33.724495435763636,1.0,2.2472538711943377,740,-0.6340135138270846,2.1311648812206934,0.7004282393614996,-15.010734515358358,1.0,1.3304411890425447,1.029334140934036,1.1282709978722238,0.13581849237321497,18.713760920405278,0.0,5.4468903180925885,4.2463048669121735,6.519841632058825,corrigido melhor
EXP01,2022,LPI,100,740,-0.9988439678106712,2.56179387274826,0.6479678457493915,-21.083216808504826,1.0,1.2082791724684032,740,-0.5542910307412166,2.06619119210311,0.7369867182725294,-13.508397770374527,1.0,1.0512483357272737,0.4956026806451499,0.44455293706945465,0.08901887252313789,7.574819038130299,0.0,2.293641804126058,1.5155344403945168,3.0241984156146007,corrigido melhor
EXP01,2022,LPI,150,740,-0.40376393649716175,2.048340173674763,0.7436464922338036,-10.19495437337485,1.0,0.7460936533117817,740,-0.5197466822863546,1.9455280560530532,0.7730836244066422,-13.232359824816562,1.0,0.48831361105313853,0.10281211762170983,-0.11598274578919282,0.02943713217283861,-3.037405451441712,0.0,0.4106180502003856,0.039641882080719386,0.8178874441487967,corrigido melhor
EXP01,2022,LPI,200,740,-0.0382335226409009,1.849200459399297,0.7923505820173643,-1.933319922941558,1.0,0.8793354191722926,740,-0.46822930044117733,1.8089312748583668,0.8068230522757639,-12.681176545056747,0.0,0.01194117180960319,0.0402691845409302,-0.4299957778002764,0.014472470258399595,-10.747856622115188,1.0,0.1473099818818548,-0.14313889644910435,0.47315057473803196,sem diferença conclusiva
EXP02,2021,P0,50,507,-1.8148536427452093,2.577800098307809,0.4401499467083315,-49.5189224076483,6.0,-1.0594725077311207,507,-0.83697139527561,1.9509156291574825,0.45365170989654496,-29.730872626300968,-10.0,-1.932738125068699,0.6268844691503264,0.9778822474695993,0.013501763188213445,19.78804978134733,-4.0,2.8389815547448127,2.084697455807046,3.6840210750266436,corrigido melhor
EXP02,2021,P0,100,507,-1.3350465179023088,2.2264426583680765,0.4832532526859872,-36.994803661543386,-10.0,-0.8346257137480224,507,-0.8901230892784395,1.9241326617262458,0.4739441878281042,-29.441027201829556,-10.0,-1.4660960110701522,0.3023099966418308,0.44492342862386924,-0.009309064857882965,7.553776459713831,0.0,1.254760411079381,0.7880042345571313,1.7367180767816301,corrigido melhor
EXP02,2021,P0,150,507,-1.1739583200927832,2.0519874350493095,0.511755869323385,-32.3060158961727,-10.0,-0.7707574997674849,507,-0.9435801889034932,1.875137722760282,0.49199667415942105,-29.49406041466715,-10.0,-0.9109676524719639,0.17684971228902757,0.23037813118929007,-0.01975919516396396,2.811955481505553,0.0,0.6945109542816277,0.3078174453182718,1.0793811040082042,corrigido melhor
EXP02,2021,P0,200,503,-1.1339165186121372,1.9745119542674345,0.5295895754181964,-30.5188089933699,-10.0,-0.6455524626495261,503,-1.0127206391935195,1.861123242984983,0.5004178256458464,-30.236662682299524,-10.0,-0.5606453756496244,0.11338871128245143,0.12119587941861765,-0.029171749772350042,0.2821463110703739,0.0,0.43491773196606237,0.039210192915160876,0.7970269130809706,corrigido melhor
EXP02,2021,P0,250,497,-1.1180789578667976,1.924211283729297,0.5443168287580594,-29.411783304465985,-10.0,-0.5943657660963417,497,-1.0784676624315273,1.8552886810414166,0.5110925965577168,-31.029373050377824,-10.0,-0.5529202962400817,0.06892260268788042,0.03961129543527031,-0.03322423220034265,-1.6175897459118396,0.0,0.26049297443074887,-0.15449698640609064,0.6025545048840056,sem diferença conclusiva
EXP02,2022,LPI,50,740,-1.7793213926950846,3.028913204895312,0.5750156707835077,-36.625233423564715,1.0,1.5563882512170233,740,-0.5501368105905304,2.044217312680285,0.7024977958538351,-14.921965967571603,1.0,0.7680979413110176,0.9846958922150271,1.2291845821045542,0.1274821250703274,21.703267455993114,0.0,4.995490781327387,3.8641659817391045,6.073017795098729,corrigido melhor
EXP02,2022,LPI,100,740,-1.1225804872375842,2.474185436251034,0.663252330986329,-26.004635580601594,1.0,0.34352467048984625,740,-0.4910969085556383,2.01773326165022,0.7337610015230265,-13.720559960669195,1.0,0.5123543976626985,0.4564521746008139,0.6314835786819459,0.07050867053669752,12.284075619932398,0.0,2.0503460577870833,1.4209426753618755,2.6782146927872734,corrigido melhor
EXP02,2022,LPI,150,740,-0.6640599506901037,2.1536403964411983,0.7185219662144294,-17.360445246260785,1.0,-0.15728289828556719,740,-0.5009921130265048,1.9589321087771554,0.7609796324875845,-14.07865283959529,1.0,0.06984435687731683,0.1947082876640429,0.1630678376635989,0.04245766627315506,3.2817924066654953,0.0,0.8007519503852889,0.4421817915444978,1.2119713982270255,corrigido melhor
EXP02,2022,LPI,200,740,-0.2774964617847261,2.003628194730176,0.7488615352849342,-8.682435414002287,1.0,0.06388773799140246,740,-0.5233586609494518,1.9146757677727768,0.7802802424041929,-14.793593737050223,1.0,-0.5137426003697865,0.08895242695739913,-0.24586219916472574,0.03141870711925876,-6.1111583230479365,0.0,0.3485426470214319,-0.007781682976835593,0.7963742008327594,sem diferença conclusiva
